ticker,premarket_price,premarket_volume,gap_pct,rvol,premarket_rvol,avg_volume_10d,trend_5d,breakout_score,atr_10d,volatility_score,norm_gap,norm_rvol,norm_pre_rvol,norm_breakout,norm_volatility,norm_trend,premarket_momentum,score
UNH,447.75,0,0.06984591358520077,1.349435846230654,0.0,5007500,2,-0.01589080051856593,9.285995483398438,0.02218769886065129,1.0,0.24242142588763085,0.0,0.5243129501330948,0.12460949596926547,0.4,1.0,9.7336
WDAY,147.0,0,0.03652511922340493,0.8441629771849135,0.0,4187580,4,0.021037075843085146,6.662001037597657,0.046975043671852776,0.693437131754718,0.11447340050209046,0.0,0.6100927912561829,0.2989641568170417,0.8,0.693437131754718,7.6411
TEAM,94.5,0,0.029748321420908067,0.9969799902617729,0.0,3450320,3,0.039356667537832214,5.211997985839844,0.05679413944092839,0.6310882408701194,0.15317058031589603,0.0,0.6526474090637525,0.3680318655889531,0.6,0.6310882408701194,7.118
OKTA,155.0,0,0.0274426579139518,0.8026026987254633,0.0,3207440,3,0.03456315558535929,8.828096008300781,0.058518467271536145,0.6098753366930386,0.10394927405650749,0.0,0.641512550138267,0.3801608207628907,0.6,0.6098753366930386,6.8393
PNC,260.0,0,0.02301792738149087,1.3568689626300998,0.0,2245390,4,0.009922369372770896,5.390000915527343,0.021207952173796618,0.569166280704897,0.24430368124712826,0.0,0.584274416383605,0.11771793890236723,0.8,0.569166280704897,6.7772
BIDU,114.92,0,0.03085752188266735,1.0646595340693326,0.0,2638590,2,-0.026358519037370826,3.6590003967285156,0.03282203342794339,0.6412932699376673,0.1703087733986272,0.0,0.4999974649242902,0.19941161015069656,0.4,0.6412932699376673,6.7207
CVS,108.55,0,0.024926789222981718,0.9650923453493547,0.0,7190400,3,0.013143824398337356,2.564000701904297,0.024209240045769163,0.5867284718957035,0.14509581230303084,0.0,0.591757540990392,0.13882905560365433,0.6,0.5867284718957035,6.5411
DOCU,52.0,0,0.016419080435755344,1.1643104258318029,0.0,3043690,4,0.0625350405837947,1.9744003295898438,0.03859265706564926,0.5084545994397067,0.19554293024737357,0.0,0.7064885002194594,0.2400022879701979,0.8,0.5084545994397067,6.4385
PANW,359.0,0,0.01406703333391664,0.9150003754701911,0.0,7324150,4,0.036148988526046526,19.104998779296874,0.05396587586063978,0.4868149500976611,0.13241124317939013,0.0,0.6451962847881474,0.34813780508810854,0.8,0.4868149500976611,6.1012
JD,29.62,0,0.011611998134602692,1.2626862942305934,0.0,7655900,4,0.057918150024130435,0.5743001937866211,0.01961407719667702,0.4642277745287696,0.2204542185399448,0.0,0.6957639154961969,0.10650659161260585,0.8,0.4642277745287696,6.0516
CTAS,193.65,0,0.006653869705786265,1.9110930337002483,0.0,2360220,4,0.06069626291673888,4.563998413085938,0.023725105416287254,0.41861127284028715,0.38464740413192366,0.0,0.7022171997364309,0.13542364329463458,0.8,0.41861127284028715,6.0392
BLK,1102.59,0,0.008408611103575265,1.958428703990102,0.0,808250,3,0.07266750375883123,22.778009033203126,0.02083227412164138,0.43475550247941325,0.3966340076385123,0.0,0.730025220090055,0.11507541224731867,0.6,0.43475550247941325,6.0239
MSFT,400.9,0,0.013320514248529949,1.1025411817020299,0.0,32833150,4,0.0210597204130788,9.500997924804688,0.024014856829726372,0.4799467155192446,0.17990137634623507,0.0,0.6101453923751134,0.13746176031786295,0.8,0.4799467155192446,5.9833
TCOM,43.51,0,0.014928879964100689,0.8024643188788051,0.0,2562980,4,0.027761762792519372,0.9800006866455078,0.022859825310530334,0.49474423809926055,0.10391423273682113,0.0,0.6257135806153026,0.12933724636399604,0.8,0.49474423809926055,5.969
ADBE,227.63,0,0.01367119021545767,0.8725627747280387,0.0,5466770,4,0.014506496750935178,7.499000549316406,0.03339419589795691,0.48317305607639865,0.12166495627244994,0.0,0.5949228954441362,0.20343621198557935,0.8,0.48317305607639865,5.9028
INTU,284.3,0,0.016446147987880296,0.7314121000157502,0.0,4634870,3,0.012658202673310037,11.517425425914046,0.04117777948965179,0.5087036303099106,0.08592199198983942,0.0,0.5906294892711217,0.2581860888944202,0.6,0.5087036303099106,5.8565
PINS,23.87,0,0.008023635657753398,1.3326668498706518,0.0,10552900,4,0.051183027325395716,0.8440004348754883,0.03564190979723145,0.43121359481677746,0.23817508672437496,0.0,0.6801188849132322,0.21924667484781152,0.8,0.43121359481677746,5.8559
PAYX,111.5,0,0.013636363636363636,0.8480267531025787,0.0,2918540,3,0.02495294417625165,2.7370010375976563,0.02488182761452415,0.4828526394662088,0.1154518074767834,0.0,0.6191889699854526,0.14356004951744017,0.6,0.4828526394662088,5.6943
CRM,169.45,0,0.014670658682634662,1.0998190332146702,0.0,12112720,2,0.004396488550397398,5.678004455566406,0.03400002668003836,0.4923685127240288,0.17921205866246218,0.0,0.5714383362807002,0.207697637376056,0.4,0.4923685127240288,5.6584
IDXX,561.33,0,0.007737568341577788,1.3315547609403153,0.0,715930,4,-2.8685765279650933e-05,17.356005859375,0.031158675183668674,0.4285816762614811,0.23789347733783023,0.0,0.5611590896209885,0.18771151622140198,0.8,0.4285816762614811,5.64
AMZN,256.88,0,0.0075305665028772535,1.1521747836976233,0.0,39200910,4,0.03630905491019406,6.413998413085937,0.025156880468253776,0.4266771875294585,0.19246987498757634,0.0,0.6455681033261769,0.1454947765885531,0.8,0.4266771875294585,5.6395
ZS,150.0,0,0.01221403285494523,0.8108126838700288,0.0,2885870,3,0.01102516057440988,8.371401977539062,0.05649100370889785,0.46976670282223987,0.10602825247004403,0.0,0.5868360923690339,0.36589960301094826,0.6,0.46976670282223987,5.6334
CRWD,208.0,0,0.005948617798151692,1.2617941401745658,0.0,9504720,3,0.053189219657540754,12.008998107910156,0.05807901465285019,0.41212271061417766,0.22022830229388946,0.0,0.6847790732714362,0.37706970257846006,0.6,0.41212271061417766,5.5531
ZM,93.39,0,0.00853133411335518,1.1491902152282398,0.0,3266300,3,0.03976598935074149,3.016797637939453,0.032578808721930565,0.43588459674617425,0.19171410584642543,0.0,0.653598223557814,0.19770076288368707,0.6,0.43588459674617425,5.5498
MTCH,40.48,0,0.009224616903968462,1.392199058932087,0.0,3164490,2,0.03934617621810443,1.2969603733098325,0.032335087349141395,0.44226303894319413,0.25325016607829975,0.0,0.6526230387552461,0.19598642205300612,0.4,0.44226303894319413,5.5215
GOOGL,374.94,0,0.010837879938362584,1.2235787152297992,0.0,23107790,2,0.025904870144690662,9.033999633789062,0.024355654337182692,0.45710561855543164,0.2105511783861944,0.0,0.6214002008056044,0.13985893654964163,0.4,0.45710561855543164,5.48
GOOG,373.98,0,0.01018343273260725,1.2660797687955325,0.0,15978930,2,0.0310016061337648,9.172994995117188,0.024777815852736793,0.45108447721249,0.22131353317245223,0.0,0.6332394194789838,0.14282842878158714,0.4,0.45108447721249,5.4726
NOW,106.3,0,0.014990896521941749,0.7653464232436521,0.0,17951740,2,-0.02662760433701316,5.253000640869141,0.050157552492061185,0.49531481194705135,0.0945150313469787,0.0,0.49937240611977557,0.3213499851588389,0.4,0.49531481194705135,5.4613
MA,539.22,0,0.007490102693832861,0.9802354946452854,0.0,3191580,4,0.00928727237753989,12.787971500177218,0.023893370780023532,0.4263049064479785,0.14893044536811506,0.0,0.5827991482470044,0.13660722510422835,0.8,0.4263049064479785,5.4508
ALK,48.37,0,0.010233895592184279,0.9958920106209945,0.0,2877320,3,-0.02381337699422702,2.456999969482422,0.05131578769154652,0.45154875302788083,0.15289507601866323,0.0,0.5059095806917512,0.329497033861569,0.6,0.45154875302788083,5.4418
SPG,223.98,0,0.008873499130253766,0.8176338636874695,0.0,1823310,4,-0.000675216524592712,4.276997375488281,0.019264886632644765,0.4390326336103222,0.10775554982145244,0.0,0.5596572619699227,0.10405037845920774,0.8,0.4390326336103222,5.4193
BIIB,199.0,0,0.008923111223990183,1.172184641903347,0.0,1763630,3,-0.03155163287682933,8.516000366210937,0.04317582705860391,0.4394890820848198,0.19753688333596095,0.0,0.4879343699409711,0.27224039398017275,0.6,0.4394890820848198,5.379
BAC,61.78,0,0.003084913897408508,1.3133860414394765,0.0,33012000,4,0.03377085969285014,1.2180004119873047,0.0197759442924133,0.38577564121106644,0.23329269244251924,0.0,0.6396721243548746,0.10764516788184626,0.8,0.38577564121106644,5.3661
META,683.6,0,0.0033611754555375197,0.7914763000314371,0.0,23984420,4,0.0789491657448264,26.96201171875,0.039573779652971,0.38831734339038315,0.1011317850723047,0.0,0.7446169058363598,0.24690352314748365,0.8,0.38831734339038315,5.3492
UBER,73.34,0,0.009219785990596164,1.0234080434147161,0.0,13547480,3,-0.011749697053359851,2.1672988891601563,0.029823846756147663,0.4422185928641608,0.15986283993017011,0.0,0.5339323280209751,0.17832230735118756,0.6,0.4422185928641608,5.3475
COF,209.0,0,0.0005265958670734411,1.2209750029617343,0.0,4051680,5,0.028964084338794122,5.539999389648438,0.0265211326814862,0.3622382277644541,0.20989185178510422,0.0,0.6285064558461517,0.15509095293421302,1.0,0.3622382277644541,5.338
WFC,87.55,0,0.00045706619578482087,1.7360255261072626,0.0,16544630,4,0.010298105874094713,2.173999786376953,0.024842872052415185,0.3615985306663912,0.3403158294958375,0.0,0.5851472154872428,0.14328603534321632,0.8,0.3615985306663912,5.3228
ILMN,189.44,0,0.012256511773034712,0.8825728503874626,0.0,2019550,2,-0.014393090883080896,7.1230010986328125,0.03806038648642787,0.4701575236060444,0.12419976368651517,0.0,0.5277919829732785,0.23625828646353164,0.4,0.4701575236060444,5.3195
EA,207.29,0,9.647188269832678e-05,2.3343747413721756,0.0,1933280,3,0.006438655610480838,0.927001953125,0.0044724365996849005,0.3582809378835649,0.49183316849074554,0.0,0.5761820904095641,0.0,0.6,0.3582809378835649,5.3142
ABNB,149.0,0,0.0041784276640047255,1.1674144673603002,0.0,3193810,4,0.007742509070787507,4.031503295898437,0.027170125106023794,0.3958363472408662,0.19632895302559242,0.0,0.5792108143355639,0.15965597814909174,0.8,0.3958363472408662,5.308
WPC,72.57,0,0.0065603541732206045,0.8281438328646042,0.0,1592960,4,0.01032746313377832,1.0100006103515624,0.01400833053712314,0.4177508974969645,0.11041694307143428,0.0,0.5852154095270735,0.06707566163323242,0.8,0.4177508974969645,5.2742
PLD,143.69,0,0.0018825954155753757,1.4297843586579706,0.0,3403800,4,0.01619736237255296,2.7529998779296876,0.019195369635179607,0.37471389405303096,0.2627677261494208,0.0,0.5988506107279074,0.103561394560024,0.8,0.37471389405303096,5.2733
DOW,30.0,0,0.010100984153336955,0.8073266655054501,0.0,10908100,2,0.03254069771308677,0.9394004821777344,0.031629645052061624,0.45032592167898716,0.10514550337835432,0.0,0.636814578522931,0.19102432734734662,0.4,0.45032592167898716,5.2636
PDD,86.58,0,0.009797086041046194,0.955681805931372,0.0,7420880,2,0.019330901887439352,2.5389999389648437,0.029612782857762684,0.4475299536133219,0.1427128228133761,0.0,0.6061295162113272,0.17683767982450335,0.4,0.4475299536133219,5.2633
ISRG,392.5,0,0.009075246852504545,1.4733208789253625,0.0,2810250,2,-0.05072310872739105,14.270999145507812,0.03668920251104504,0.4408887826481753,0.2737922876123995,0.0,0.44340090864872866,0.2266133519693884,0.4,0.4408887826481753,5.2531
GIS,37.47,0,0.0067517133545146905,0.9203851186954984,0.0,12272580,3,0.0239789915655069,1.2337965959962531,0.033148752163661144,0.4195114683538779,0.13377479801301384,0.0,0.6169265734318868,0.20170975603088542,0.6,0.4195114683538779,5.2499
UPS,113.4,0,0.004072937388436877,1.0485293852498074,0.0,3882390,4,0.013069277431605889,2.591999816894531,0.022950236947615364,0.39486580010747785,0.16622420678706368,0.0,0.5915843756856828,0.12997320356073175,0.8,0.39486580010747785,5.2437
DDOG,266.41,0,0.007373548392680538,0.7477047203932116,0.0,4313200,3,0.009358465430131418,14.079002380371094,0.05323679511183298,0.4252325664407263,0.09004770055913071,0.0,0.5829645227375535,0.3430094370576849,0.6,0.4252325664407263,5.2279
MRK,124.85,0,0.010031545858147901,1.0557365655472553,0.0,8575340,2,-0.013951922307507655,3.1590011596679686,0.02555619403017317,0.44968706527274177,0.16804924934158988,0.0,0.5288167743788429,0.14830355587454228,0.4,0.44968706527274177,5.201
MELI,1850.78,0,0.00411518011429854,1.2731098752442507,0.0,399180,3,0.013931709026689807,53.93699951171875,0.02926285473897924,0.39525444784084335,0.22309373609540437,0.0,0.5935877198390622,0.17437627869677885,0.6,0.39525444784084335,5.1858
CMCSA,23.63,0,0.0059599927733490436,0.6923085772202912,0.0,33032380,4,-0.0007231972768251177,0.685999870300293,0.0292039113233094,0.412227364332359,0.0760199789711184,0.0,0.5595458073803559,0.17396166957560824,0.8,0.412227364332359,5.1762
BMY,58.99,0,0.004598071758923645,1.1772927774010489,0.0,10602970,3,0.018242359935693342,1.48943688686903,0.025365069071965445,0.3996972185029284,0.19883039401182026,0.0,0.6036009398382336,0.14695917923712223,0.6,0.3996972185029284,5.1741
DG,121.73,0,0.0037104322660988227,0.7946798504388113,0.0,2572860,4,0.02988623097103538,3.5707938986569614,0.02944256212563975,0.39153062721661247,0.10194300604607415,0.0,0.6306485121840567,0.17564034391601419,0.8,0.39153062721661247,5.1699
AAPL,328.38,0,0.002687022900763345,1.253653817802051,0.0,48565640,3,0.046015074032123515,7.9900054931640625,0.024396963337905534,0.3821149060000124,0.2181669642775973,0.0,0.6681142354151963,0.14014950485640665,0.6,0.3821149060000124,5.1655
T,21.55,0,0.005599612371225076,0.9313559044376734,0.0,80577360,3,0.027178097715091023,0.5618864218032567,0.026219618002877473,0.408911739604601,0.13655288181412933,0.0,0.6243577837879797,0.15297009287720142,0.6,0.408911739604601,5.1574
SYF,74.27,0,0.003101014068524987,0.6310672111814357,0.0,3883580,5,0.0020707382936158256,2.3980010986328124,0.03238791287116143,0.3859237683710349,0.06051209731623518,0.0,0.5660358461519722,0.19635799779240312,1.0,0.3859237683710349,5.1556
TFC,52.98,0,0.003437514499281543,0.8739876309940985,0.0,7208340,4,0.02707749440933287,1.0959999084472656,0.020757574323561324,0.3890196890774386,0.12202576635521745,0.0,0.6241240921589276,0.1145499724287803,0.8,0.3890196890774386,5.1497
XEL,79.78,0,0.006687697160883295,1.4504406989330447,0.0,4914920,2,-0.010982148349726224,1.5669990539550782,0.019772858724985215,0.4189224971630744,0.2679984403076518,0.0,0.535715268507645,0.10762346394112393,0.4,0.4189224971630744,5.1448
FTNT,165.0,0,0.0029785758283743737,1.0824851930015658,0.0,4700480,3,0.024244133178631375,7.600004577636719,0.04619782889434668,0.3847972940836598,0.17482268657564543,0.0,0.617542471438753,0.29349721310160526,0.6,0.3847972940836598,5.1011
ORCL,133.6,0,0.008377948983428814,1.1221605690948564,0.0,43146410,2,-0.041658969632611016,6.29776307789763,0.04753387287181122,0.4344734003363337,0.18486950748877398,0.0,0.4644560162821382,0.30289497217353595,0.4,0.4344734003363337,5.0937
CPRT,27.6,0,0.011730179813050525,1.0404708779591725,0.0,11970830,1,-0.03943660844296997,0.9450002670288086,0.03464077137987091,0.4653150869717331,0.16418358644396272,0.0,0.4696183437308808,0.2122046479364945,0.2,0.4653150869717331,5.0614
KR,57.0,0,0.007779324894372479,1.2118244945346213,0.0,9130200,2,-0.03412000991281879,1.6250003814697265,0.028730557673520327,0.42896585103396045,0.2075747087991093,0.0,0.48196828156010346,0.17063209088540765,0.4,0.42896585103396045,5.0551
VICI,26.49,0,0.006841525568657715,0.7826546698033129,0.0,10308250,3,-0.003220337193654241,0.5489004135131836,0.02086280595420464,0.4203377718829052,0.09889792246554813,0.0,0.553745195852362,0.1152901737456629,0.6,0.4203377718829052,5.0488
JPM,347.33,0,0.001210678082087497,0.9578994842833892,0.0,11219340,4,0.02959845798987566,7.612547105515892,0.021943867357974836,0.3685320214739685,0.14327439574448708,0.0,0.6299800437251167,0.12289438048283607,0.8,0.3685320214739685,5.0412
ORLY,82.98,0,0.003021837700015735,1.5010143306013741,0.0,9232690,3,-0.0446550976195015,2.9959983825683594,0.03621416972077598,0.3851953183117749,0.2808049785268108,0.0,0.45749630432407923,0.22327196217270853,0.6,0.3851953183117749,5.0411
TMUS,188.31,0,0.0036846013261043918,0.5519382738567387,0.0,4715020,4,0.025531684341993075,4.673997497558593,0.02491204359449649,0.39129297360703214,0.040474624691449045,0.0,0.6205333267251325,0.143772589302576,0.8,0.39129297360703214,5.014
PFE,24.9,0,0.0034085538362605902,1.0312914845687333,0.0,42802060,3,0.025577458062781187,0.4310001373291016,0.017365033949576527,0.3887532409302069,0.161859129045801,0.0,0.620639654596748,0.09068677809216043,0.6,0.3887532409302069,5.01
HD,341.86,0,0.0012350561023267957,1.1185003650605887,0.0,3533660,4,-0.007190748775815729,8.361001586914062,0.024487469327349465,0.3687563077177344,0.18394265012638045,0.0,0.5445223184960901,0.1407861257294522,0.8,0.3687563077177344,5.0051
FOX,50.39,0,0.0,1.048689138576779,0.0,1543260,4,0.021425804281511095,1.547500991821289,0.030710478479172007,0.35739336309336334,0.16626466041912466,0.0,0.6109957693576485,0.18455889196895306,0.8,0.35739336309336334,5.0004
SLB,47.79,0,0.004994758501580502,0.7942162009922512,0.0,11077840,3,0.01767826098464658,1.0659992218017578,0.02241849082872153,0.4033468741594932,0.10182559813681812,0.0,0.6022905932067457,0.12623289111811148,0.6,0.4033468741594932,4.997
ODFL,226.5,0,0.005638699536260982,0.6657348586721074,0.0,1509610,3,0.011801259870936016,6.48499755859375,0.028792779299426252,0.4092713550835982,0.0692908331497475,0.0,0.5886388950457913,0.17106975900052268,0.6,0.4092713550835982,4.9812
NFLX,74.3,0,0.008414762381327826,0.8262941776802958,0.0,39615310,2,-0.016957744457374826,2.165000152587891,0.029383823881930775,0.43481209636882434,0.10994856302774945,0.0,0.5218345438293596,0.17522717797836826,0.4,0.43481209636882434,4.9688
CL,92.03,0,0.006122212439307667,0.802066453373222,0.0,4332060,3,-0.014661034985464014,1.9150009155273438,0.020935835683512666,0.4137198415386974,0.10381348300548385,0.0,0.5271695750582606,0.11580386626829048,0.6,0.4137198415386974,4.966
KO,82.96,0,0.006133451430874639,1.1361894022014656,0.0,16174680,2,-0.008704677423164515,1.560999298095703,0.01893267866432569,0.4138232441603019,0.1884219671683208,0.0,0.5410056104793753,0.10171362121116938,0.4,0.4138232441603019,4.9498
AMT,170.0,0,0.00812426660450827,0.6720587901449971,0.0,3083510,2,0.01275632788048163,3.454998779296875,0.020488635944106666,0.43213943443922,0.07089221449079962,0.0,0.5908574245197918,0.11265825468749252,0.4,0.43213943443922,4.9415
DASH,191.28,0,0.005889757658401816,0.9623004613752436,0.0,4053100,2,-0.002360833477140778,7.367497253417969,0.03874367433495159,0.41158117690789453,0.14438883580878983,0.0,0.5557417388304954,0.2410645463513161,0.4,0.41158117690789453,4.9356
CTSH,43.36,0,0.004168589475499435,0.6745811549489598,0.0,9911780,3,0.010909780560865636,1.728999710083008,0.040041678968579374,0.3957458324934154,0.07153094183149084,0.0,0.5865680758946047,0.2501947359459976,0.6,0.3957458324934154,4.914
DLTR,127.35,0,0.0025190996125182405,0.8661730490060255,0.0,3017180,3,0.02715245693376068,3.667000579833984,0.028867201567127982,0.38056995348985795,0.12004691414319252,0.0,0.6242982227634776,0.1715932466650342,0.6,0.38056995348985795,4.9069
V,356.09,0,0.002674960050623669,0.9969166712666883,0.0,8876770,3,0.0042785553336028015,8.916995239257812,0.025108393510894517,0.3820039235937145,0.15315454632537964,0.0,0.5711643889651085,0.1451537183965481,0.6,0.3820039235937145,4.8917
BKNG,182.91,0,0.0006017338424827032,1.047673488757648,0.0,6490190,3,0.02018608274756069,6.286000061035156,0.03438730829372768,0.3629295232061383,0.16600747188437034,0.0,0.608116017617319,0.21042178370643932,0.6,0.3629295232061383,4.8528
WMT,113.3,0,0.006842630667874725,0.7468016160160386,0.0,22036910,2,0.001985624888292041,2.4519996643066406,0.021789742210125716,0.42034793917909824,0.08981901141143403,0.0,0.5658381360449891,0.12181026122415682,0.4,0.42034793917909824,4.8521
JNJ,248.75,0,0.007003464082329511,1.4110636338940046,0.0,7472590,1,-0.04319228306027542,5.803001403808594,0.023492030213909044,0.4218276623906635,0.25802715939019755,0.0,0.46089427931874377,0.1337841878316874,0.2,0.4218276623906635,4.8489
NEE,89.32,0,0.002469152970219168,0.9388170590152289,0.0,10923960,3,0.0123389294420133,1.363001251220703,0.015297432935608679,0.3801104270525177,0.13844223715809914,0.0,0.5898878488153513,0.0761432327344514,0.6,0.3801104270525177,4.8407
MO,70.67,0,0.0021271038581131855,1.1098822089148128,0.0,6175340,3,-0.017594733952351387,1.5720008850097655,0.022291562107785864,0.37696345655267294,0.18176031236619397,0.0,0.5203548796011477,0.12534007205019018,0.6,0.37696345655267294,4.8224
RTX,196.0,0,0.0005615427571305376,0.837879268171517,0.0,4227220,4,-0.0030840310158714006,4.075001525878906,0.02080249904832173,0.36255975127724405,0.11288220451747365,0.0,0.5540618217574047,0.11486597380807045,0.8,0.36255975127724405,4.8148
EMN,67.85,0,2.248900419869057e-08,0.8384447356924422,0.0,1144500,4,8.841209184125467e-05,1.7649993896484375,0.0260132561435743,0.35739357000000416,0.1130253953696931,0.0,0.5614310964778495,0.1515185395839878,0.8,0.35739357000000416,4.8031
MDLZ,59.0,0,0.004768371482903764,1.0140659880852525,0.0,8381210,2,-0.010848304004511962,1.3580005645751954,0.023126712131204794,0.40126403504631136,0.15749719236491536,0.0,0.5360261758166726,0.13121453340130745,0.4,0.40126403504631136,4.7948
TGT,138.35,0,0.00043391942136422867,1.2141919139095168,0.0,4302450,2,0.046826691018386775,3.812000274658203,0.02756526473156215,0.3613855723113185,0.20817419999057069,0.0,0.6699995422076216,0.16243539788617967,0.4,0.3613855723113185,4.7936
VZ,42.95,0,0.0026849909883013647,0.6569458225895077,0.0,35051140,3,0.020383174574487763,1.1107423052905716,0.025933744053338034,0.3820962117004227,0.06706522421504515,0.0,0.6085738426337074,0.15095925000972985,0.6,0.3820962117004227,4.7792
DIS,97.51,0,0.003705594117002686,1.0114752053598475,0.0,10101780,2,0.004020221975710598,1.9790031433105468,0.02037059302344301,0.3914861145664095,0.15684113985502188,0.0,0.5705643058685402,0.11182793850983996,0.4,0.3914861145664095,4.7573
FAST,45.54,0,0.003968240459136131,1.1178110572557647,0.0,9383160,2,-0.03339227808929247,1.5509994506835938,0.034193109122878665,0.3939025520349856,0.1837680997439769,0.0,0.48365873133281584,0.209055782998086,0.4,0.3939025520349856,4.7488
BRK-B,489.82,0,0.0030031614173329094,1.3021344844475236,0.0,3940530,2,-0.019050513900717797,6.58499755859375,0.013484176259430469,0.38502349003165526,0.23044351017323947,0.0,0.5169732453187407,0.06338875034785271,0.4,0.38502349003165526,4.7482
SNPS,427.1,0,0.004279536366457842,1.031597769911247,0.0,1375730,2,-0.02881049470839941,14.196005249023438,0.033380373612140156,0.3967665823814823,0.16193668833540462,0.0,0.4943017655171904,0.2033389857609039,0.4,0.3967665823814823,4.7411
SO,95.17,0,0.006025386205844796,0.7618162573992128,0.0,4336610,2,-0.015168092859700165,1.6940010070800782,0.01790698767868893,0.4128290065985256,0.0936211029832165,0.0,0.5259917292632244,0.09449889106167379,0.4,0.4128290065985256,4.7261
MAR,369.05,0,3.307690466099307e-08,0.7649404036439506,0.0,1452270,4,-0.007027922473057816,7.84200439453125,0.021249165841811357,0.35739366741236167,0.0944122167902665,0.0,0.5449005480548237,0.11800783663702719,0.8,0.35739366741236167,4.7243
NTES,130.01,0,0.001926676200274367,0.8501261782824909,0.0,1077840,3,-0.004564497238232915,2.714002227783203,0.020915554428759055,0.3751194525653851,0.11598343567744607,0.0,0.550622843677578,0.11566120753170264,0.6,0.3751194525653851,4.7167
RBLX,57.19,0,0.0021026862768086193,0.866680310652003,0.0,7426960,2,0.018070894165875873,2.594499969482422,0.04546171339331059,0.3767388063333816,0.1201753657778097,0.0,0.6032026416434243,0.2883193624884997,0.4,0.3767388063333816,4.7032
LLY,1161.44,0,0.004158629031653812,1.0093224228802964,0.0,2527240,2,-0.032405946767235336,33.63798828125,0.029082756057896092,0.3956541929544189,0.15629600022014825,0.0,0.4859498824207416,0.17310946110503767,0.4,0.3956541929544189,4.6933
PM,181.5,0,0.0034276597769287926,0.9434562989290093,0.0,4428610,2,-0.005820605018756927,4.772999572753906,0.02638765725291864,0.38892902221285497,0.13961701146842184,0.0,0.5477050282908605,0.15415208419870843,0.4,0.38892902221285497,4.6893
CDNS,373.5,0,0.005383580080753701,1.0546844527654262,0.0,1538280,1,-0.014091992278609739,12.599002075195312,0.03391386830469801,0.4069241675833158,0.1677828274512316,0.0,0.5284914055504386,0.20709159770435734,0.2,0.4069241675833158,4.6872
DUK,124.83,0,0.003981049354096887,0.9681006633416182,0.0,3596940,2,-0.016810880175523447,2.4400009155273437,0.019623620615981895,0.39402039831246577,0.14585759543136076,0.0,0.5221756951763932,0.10657372020781859,0.4,0.39402039831246577,4.6804
VRSK,192.7,0,0.003959557929180208,0.6784268582021391,0.0,1850310,2,0.015346061144383864,5.695997619628907,0.02967592761893254,0.39382266974712615,0.07250477234487726,0.0,0.5968731213270797,0.177281841290846,0.4,0.39382266974712615,4.6795
COST,920.25,0,0.0040478561345913995,0.9513055363539245,0.0,2546080,2,-0.01671038082219633,18.283990478515626,0.01994892848849649,0.39463504387055953,0.1416046393242315,0.0,0.5224091453341262,0.10886194204906084,0.4,0.39463504387055953,4.6783
RIVN,17.81,0,0.000561840638657429,0.5209600931687028,0.0,55847080,3,0.003891460275857803,1.3554006576538087,0.07614610762633024,0.36256249189063666,0.03263015630240547,0.0,0.5702652050470378,0.5041539825563957,0.6,0.36256249189063666,4.6732
AFRM,81.8,0,0.0011014675870244107,1.1938733536049297,0.0,3719490,2,-0.02073346497879292,3.718499755859375,0.04550850321287057,0.3675272470305533,0.20302902036800602,0.0,0.5130639147446941,0.28864848298053486,0.4,0.3675272470305533,4.6602
O,63.51,0,0.0039519709943099425,0.8229493614128469,0.0,5530960,2,-0.001846116783583379,0.9499992370605469,0.01501737689324558,0.39375286731415404,0.1091015699218149,0.0,0.5569373753129281,0.07417331313812084,0.4,0.39375286731415404,4.6407
PPG,115.31,0,2.1172546214244415e-08,0.5622332234360304,0.0,1935140,4,-0.025282987038387356,3.127000427246094,0.02711820738403135,0.357393557888134,0.04308156947477332,0.0,0.5024958204509408,0.15929078789257461,0.8,0.357393557888134,4.5787
TTWO,244.5,0,0.002871193353076295,0.8661831793192186,0.0,1880780,2,-0.019753693688518124,6.980001831054688,0.02863003176243956,0.38380933805628487,0.12004947939782817,0.0,0.5153398275210923,0.1699249896905681,0.4,0.38380933805628487,4.5685
WEC,113.2,0,0.0020359279172489533,1.093196376017081,0.0,1732900,2,-0.025566263269468235,2.035999298095703,0.018022477437333883,0.37612460626468736,0.1775350323205626,0.0,0.5018377975021503,0.0953112482485086,0.4,0.37612460626468736,4.5645
LUV,49.25,0,0.0,1.0917173289236906,0.0,5140250,2,0.0010162524012724084,1.5660003662109374,0.03179696175047589,0.35739336309336334,0.17716049973303433,0.0,0.5635863786703899,0.19220123622679244,0.4,0.35739336309336334,4.5549
GD,366.04,0,0.0011213388171436515,1.0880495153737249,0.0,1101880,2,-0.016650477724140356,7.142598090238124,0.01953504360925572,0.36771006924165583,0.17623171544646313,0.0,0.522548294365706,0.10595066783636514,0.4,0.36771006924165583,4.5309
COP,111.46,0,8.213954288689429e-09,0.9040346678975755,0.0,6585920,2,0.028295169139747226,2.4399986267089844,0.02189124929796359,0.35739343866459244,0.12963444530080778,0.0,0.6269526313332792,0.122524264035205,0.4,0.35739343866459244,4.5201
KDP,30.36,0,0.002641985189576762,0.9095462400525638,0.0,14854330,2,-0.038913193636582175,0.9449993133544922,0.031208695241914854,0.38170054343198223,0.1310301164662367,0.0,0.4708341850777729,0.18806335827457574,0.4,0.38170054343198223,4.5159
AWK,129.27,0,0.000446507879692041,0.7519515692209654,0.0,2008640,3,-0.022609817883708257,3.1249984741210937,0.024185421497897885,0.36150139049529867,0.09112311140129253,0.0,0.5087053306631674,0.13866151547914263,0.6,0.36150139049529867,4.5066
DXCM,72.76,0,0.0004124383566875181,0.959145171408539,0.0,4335840,2,-0.005469659343724209,2.315998840332031,0.031843788442658436,0.36118793906378094,0.14358983561406116,0.0,0.5485202407323321,0.19253061608156502,0.4,0.36118793906378094,4.4957
LOW,209.78,0,0.0005723377649273234,1.1124986063106255,0.0,2690700,2,-0.02783056756961602,5.561003112792969,0.02652391021491705,0.36265906909412976,0.18242285116636808,0.0,0.4965780403144147,0.15511049015786557,0.4,0.36265906909412976,4.4885
EXC,45.8,0,0.001311725389845054,0.9426943851356155,0.0,9282860,2,-0.024671046517547875,0.9339992523193359,0.020419746787176847,0.36946169176208554,0.1394240753910052,0.0,0.5039172983648157,0.1121736870307276,0.4,0.36946169176208554,4.4465
PEP,136.09,0,0.005096057124220774,0.800797286844767,0.0,10084200,1,-0.033368113708034094,3.3610000610351562,0.024822748984794626,0.404278856631721,0.10349209754992214,0.0,0.4837148628245074,0.14314448929796933,0.2,0.404278856631721,4.4384
ABBV,244.65,0,0.0022121149821730996,0.9738737255475877,0.0,6559680,1,-0.02087783389830876,6.001615846971935,0.02458570247825166,0.37774558838727423,0.14731948257182154,0.0,0.5127285598800412,0.1414770996050333,0.2,0.37774558838727423,4.3564
DAL,85.97,0,0.0001163438300821146,0.8688352785665203,0.0,7814830,2,-0.030172555523668734,2.7670516441682436,0.03218999155001234,0.3584637666937501,0.12072105882076373,0.0,0.4911378316047838,0.19496581540714422,0.4,0.3584637666937501,4.3433
IBM,212.0,0,0.0037878932922232266,1.9327794467823625,0.0,15248610,1,-0.2416054153258454,11.887998962402344,0.056287874688348984,0.39224329553082127,0.39013895909467483,0.0,0.0,0.3644707895678023,0.2,0.39224329553082127,4.3005
AMGN,358.93,0,0.0016931588060397607,0.8991589649250701,0.0,2043910,1,-0.015344688481471882,7.88299560546875,0.021999875653987633,0.37297101152330103,0.1283997924905814,0.0,0.5255815149245968,0.12328834391580372,0.2,0.37297101152330103,4.2906
VRTX,478.15,0,0.0022428386389087653,0.7280812128171612,0.0,1637180,1,-0.04428220802119096,16.591995239257812,0.03477822525834364,0.37802825668832374,0.0850785260807232,0.0,0.45836249035076204,0.21317150116526362,0.2,0.37802825668832374,4.1885
AMD,511.5,0,-0.03333713981195995,1.069556060223218,0.0,25962080,3,-0.0128979229380566,30.539004516601562,0.05771441144342823,0.05068011103577911,0.1715486991714507,0.0,0.5312651117153825,0.3745050765805174,0.6,0.05068011103577911,0.0
AAL,15.59,0,-0.0025591883651978403,1.2685256861340657,0.0,143159340,1,-0.07602269801239352,0.704000186920166,0.04504159832153321,0.33384794226406467,0.221932902057848,0.0,0.3846324398612681,0.28536426498149753,0.2,0.33384794226406467,0.0
AEP,131.2,0,-0.009811320754717067,0.6858892690551756,0.0,4842910,2,-0.02237109482847937,2.587005615234375,0.01952457068101415,0.2671258082691265,0.07439444580995935,0.0,0.5092598609467235,0.10587700105738779,0.4,0.2671258082691265,0.0
AEE,110.0,0,-0.012389991806860276,1.0658993020379497,0.0,1608970,2,-0.014589194675616913,1.886998748779297,0.016941989543112417,0.2434011399607238,0.1706227143862373,0.0,0.5273364530640403,0.08771107558854793,0.4,0.2434011399607238,0.0
AMAT,560.8,0,-0.03215227535901074,0.7937469845765956,0.0,10280480,3,-0.0201440108585113,41.667999267578125,0.07191205114384433,0.06158127507268627,0.10170678052847315,0.0,0.5144331589517511,0.47437154770356893,0.6,0.06158127507268627,0.0
ALL,239.01,0,-0.0019625677965761893,1.7869160587069168,0.0,1750390,2,-0.038611330996933216,5.428001403808594,0.022665782113943805,0.3393370584833494,0.3532026151434452,0.0,0.4715353824338434,0.12797234278160938,0.4,0.3393370584833494,0.0
ANET,168.61,0,-0.01925313055024915,0.9123413498556032,0.0,8857540,3,-0.020225815188290416,11.396200561523438,0.06628781225511894,0.18025788246530985,0.1317379098229433,0.0,0.5142431355032616,0.4348105430280117,0.6,0.18025788246530985,0.0
ALGN,179.76,0,-0.008275375440218148,0.6629325558198419,0.0,912310,4,0.0002041403915024552,7.975003051757812,0.043997590717443434,0.2812570380341816,0.0685812183288354,0.0,0.561699921986827,0.27802069538499463,0.8,0.2812570380341816,0.0
ADI,387.04,0,-0.010026579549709544,0.7964717731575215,0.0,3892040,3,0.0080419323535215,12.61199951171875,0.032259054090878474,0.26514535267459904,0.1023967667515232,0.0,0.579906345304362,0.1954516026498568,0.6,0.26514535267459904,0.0
EBAY,112.55,0,-0.0018623814495565413,1.2057969892806006,0.0,2584100,2,-0.01491256809239841,2.813001251220703,0.024946800265418484,0.34025880763398114,0.20604839016516124,0.0,0.5265852882788443,0.14401706839531303,0.4,0.34025880763398114,0.0
ECL,268.0,0,-0.008325624421831638,0.9947463281819228,0.0,1043080,2,-0.02148566410606174,5.3610076904296875,0.019837216245808278,0.2807947299702569,0.1526049598957157,0.0,0.5113166298210192,0.10807615598222702,0.4,0.2807947299702569,0.0
ED,110.03,0,-0.002538279075249019,0.7471630882606011,0.0,1975740,3,-0.01283291430516546,1.9029998779296875,0.017251381742791394,0.3340403149857376,0.08991054543741646,0.0,0.5314161204044937,0.08988734628050192,0.6,0.3340403149857376,0.0
EIX,76.64,0,-0.0005216523867577597,0.9114249037227214,0.0,2150040,4,0.021090153475810572,1.619074730926566,0.021114693850846022,0.3525939801562382,0.13150584220115333,0.0,0.6102160854000915,0.11706195806242121,0.8,0.3525939801562382,0.0
ENPH,43.2,0,-0.019219052252520272,0.5007125106442138,0.0,4603440,2,-0.004047146307796277,3.075,0.06980703866648227,0.18057141462733595,0.027502950070786847,0.0,0.5518245992343589,0.4595648493917376,0.4,0.18057141462733595,0.0
COIN,164.52,0,-0.016087594078447506,1.0953633077630731,0.0,6902550,3,0.0321286775030803,8.944999694824219,0.05349560035680798,0.20938191623814273,0.17808375491191913,0.0,0.6358574959166169,0.3448298781358617,0.6,0.20938191623814273,0.0
CHTR,131.01,0,-0.0017525562598064046,0.6974530745225087,0.0,2185380,3,-0.020333779575422095,6.178001403808594,0.04707407151190945,0.34126923748177573,0.07732269738674025,0.0,0.5139923448029136,0.29966072055144244,0.6,0.34126923748177573,0.0
CPB,21.77,0,-0.005481927500883552,0.9227325010689358,0.0,6642120,2,-0.021151023632905344,0.8133382686231236,0.03715570083605133,0.3069577282181515,0.13436921532276047,0.0,0.5120939668749994,0.2298947101730219,0.4,0.3069577282181515,0.0
CSCO,110.6,0,-0.010467895483639992,1.0590979388202995,0.0,22495370,2,-0.033268583957783225,3.8171381100668382,0.03415172429732405,0.2610850929749329,0.16890043510519914,0.0,0.4839460606892296,0.20876468133799378,0.4,0.2610850929749329,0.0
CSX,49.18,0,-0.005057663435814387,0.8570452565056408,0.0,10362930,4,0.006762001208010787,0.7620002746582031,0.015415744890829275,0.31086110480842066,0.11773552341137104,0.0,0.5769331905733627,0.07697544130635953,0.8,0.31086110480842066,0.0
C,134.85,0,-0.00033211794685403446,1.2884238576690963,0.0,14034900,3,-0.03050995566468347,3.9279998779296874,0.029120022949834228,0.35433776275929557,0.22697162848204366,0.0,0.490354084112572,0.1733715971407533,0.6,0.35433776275929557,0.0
CCI,79.3,0,-0.0021391873422903634,0.901138704406291,0.0,3898290,3,0.022951084991584412,1.9399993896484375,0.02441171964073204,0.337712097387452,0.12890111320839154,0.0,0.6145388471045745,0.14025330097471939,0.6,0.337712097387452,0.0
CAT,886.75,0,-0.030132328733233106,0.9282256881631057,0.0,2863420,2,-0.03585059257002266,39.45499267578125,0.04315322454615991,0.08016548481802067,0.13576023092013417,0.0,0.4779483074914218,0.27208140747227944,0.4,0.08016548481802067,0.0
DD,134.85,0,-7.415549685827719e-05,0.9037466363071828,0.0,1207750,2,-0.013582796645845538,3.246002197265625,0.02406942149321382,0.3567111067952034,0.12956150832853572,0.0,0.5296742171492242,0.1378455692118405,0.4,0.3567111067952034,0.0
CVX,180.29,0,-0.007213689754883066,0.8113040767923324,0.0,8213320,2,0.03831951507240546,2.969000244140625,0.0163491197376295,0.2910249146741351,0.10615268573758899,0.0,0.6502382054357551,0.08354081795711546,0.4,0.2910249146741351,0.0
DE,586.5,0,-0.005055270013377455,0.9194391031455211,0.0,1102520,1,-0.021410215600127857,17.98800048828125,0.030515032035485463,0.3108831251252001,0.1335352426578407,0.0,0.5114918893130247,0.183184117919436,0.2,0.3108831251252001,0.0
APD,293.6,0,-0.0003064538821820588,0.6697839480317719,0.0,1313110,2,-0.028057219429547912,8.666998291015625,0.02951070250593487,0.3545738810580145,0.07031616623196328,0.0,0.49605155023562425,0.1761196446635079,0.4,0.3545738810580145,0.0
AVGO,386.0,0,-0.02100030132122352,0.7048125732304833,0.0,23111960,3,0.029000341033747736,12.802993774414062,0.032471831728853935,0.16418330521938623,0.07918631086215039,0.0,0.6285906765985803,0.19694828465382996,0.6,0.16418330521938623,0.0
ASML,1782.0,0,-0.01832786261728775,1.953688614534061,0.0,2141590,3,0.015712963065607228,68.19901123046876,0.037569623525253566,0.1887706684554678,0.3954336956423493,0.0,0.5977253985661516,0.23280625034171482,0.6,0.1887706684554678,0.0
AXP,358.0,0,-0.0012275483718594625,0.8332728460477608,0.0,3030940,5,0.02229170438853216,9.02651267428347,0.02518277148979493,0.3460994921939788,0.11171574051171772,0.0,0.6130071705246506,0.14567689453277805,1.0,0.3460994921939788,0.0
BA,217.89,0,-0.0010429814885392012,0.7249927489738699,0.0,4551080,2,-0.022921840531903794,5.500996398925781,0.025220046405971662,0.34779757155305385,0.08429644797118593,0.0,0.5079805326020252,0.1459390870111425,0.4,0.34779757155305385,0.0
GEHC,62.75,0,-0.007120265150429145,1.3701198999047193,0.0,4943290,3,-0.019250290874333283,1.7965984344482422,0.02842719007531673,0.29188445344728375,0.24765915778794712,0.0,0.5165091829695019,0.1684981973562754,0.6,0.29188445344728375,0.0
GILD,130.85,0,-0.006454039240230507,0.6406505883803837,0.0,6973380,2,0.0001214825984752813,3.8460006713867188,0.029202739259729736,0.29801396295753696,0.06293885375666303,0.0,0.5615079160267763,0.173953425257813,0.4,0.29801396295753696,0.0
GE,346.9,0,-0.03732483939420815,1.4395013729770498,0.0,3765540,4,-0.009761730183175728,7.528273117647018,0.02089155817992248,0.013991891410494232,0.265228322929765,0.0,0.5385501804155268,0.11549241745517821,0.8,0.013991891410494232,0.0
EOG,137.23,0,-0.0017458443192840446,1.0550434588226012,0.0,3041960,2,0.023131564590092073,3.28699951171875,0.023910667654985982,0.34133098966318187,0.16787373697543334,0.0,0.6149580835408734,0.136728891655881,0.4,0.34133098966318187,0.0
ETR,113.47,0,-0.00676818870997843,0.8076702334247954,0.0,2543860,2,-0.002096457379161942,2.0379981994628906,0.017839620426929544,0.29512367884672114,0.10523250357084254,0.0,0.5563558586206309,0.09402502851519214,0.4,0.29512367884672114,0.0
FANG,189.0,0,-0.004005030189904223,0.6164201113066641,0.0,2102300,2,0.041304233131032424,5.194999694824219,0.02737668552492013,0.3205456958650658,0.05680307666341209,0.0,0.6571714132476215,0.16110892811430827,0.4,0.3205456958650658,0.0
FCX,60.45,0,-0.008528804498802426,0.9358036454888126,0.0,15238560,3,0.011187428036047244,2.4199785712972095,0.03969129937421546,0.2789254027720471,0.13767916371007644,0.0,0.5872130237945613,0.24773015913034385,0.6,0.2789254027720471,0.0
FDX,312.0,0,-0.004531023441047064,0.891688024584887,0.0,1646540,2,0.0026841382316299843,7.81900634765625,0.024947374170983142,0.31570637546960456,0.1265079591409996,0.0,0.5674607141490502,0.14402110525810924,0.4,0.31570637546960456,0.0
EQIX,1020.0,0,-0.002542514813231582,1.0555127071615342,0.0,531590,2,8.506610835218564e-05,26.84000244140625,0.026246824840795883,0.3340013447267765,0.16799256266756937,0.0,0.5614233240858147,0.1531614662991688,0.4,0.3340013447267765,0.0
DELL,400.3,0,-0.029999013510469554,1.7342356231081273,0.0,7459540,2,-0.031981135473045666,32.31099853515625,0.07829552948679325,0.08139203111903001,0.3398625802350894,0.0,0.4869366774632187,0.5192730573243581,0.4,0.08139203111903001,0.0
DVN,42.91,0,-0.0004658817850828983,0.6980176626549869,0.0,12310720,2,0.019448596662743723,1.2409992218017578,0.028907505543440185,0.3531070890403654,0.07746566555529266,0.0,0.6064029096506832,0.17187674561073635,0.4,0.3531070890403654,0.0
MNST,97.55,0,-0.00020497791213258058,1.1787883045910443,0.0,5266340,3,0.00486106158210299,1.875,0.019216972490156345,0.35550749518793484,0.199209099781698,0.0,0.5725174939462939,0.10371334945803755,0.6,0.35550749518793484,0.0
MS,227.76,0,-0.0034522119502187793,1.9776687223771487,0.0,5493640,4,0.034293950932702905,5.686997985839843,0.02488294863226038,0.32563181546161984,0.4015060728369729,0.0,0.6408872140883868,0.14356793477778954,0.8,0.32563181546161984,0.0
MMM,160.12,0,-0.0025428193010707967,1.3040993463429735,0.0,2519670,4,0.01605767042514384,3.520001220703125,0.021927373372391066,0.33399854333301854,0.23094106350546748,0.0,0.5985261200115287,0.12277836147053806,0.8,0.33399854333301854,0.0
MCHP,83.98,0,-0.026431742172109574,0.7282509124220261,0.0,10315950,3,-0.0027860727251408186,3.525,0.04086482625438573,0.11421216503968726,0.08512149836497067,0.0,0.5547539496932185,0.25598476980955515,0.6,0.11421216503968726,0.0
MET,92.0,0,-0.002169164369435486,0.843217647020297,0.0,3053660,3,0.013119991742688858,1.7369987487792968,0.0188394664454749,0.3374362983376667,0.11423401870403646,0.0,0.5917021800648125,0.10105796466834943,0.6,0.3374362983376667,0.0
JBLU,5.55,0,-0.00715566216386823,1.205516490274619,0.0,29528920,2,-0.027826060419497284,0.35500001907348633,0.0635062628592486,0.2915587886432164,0.2059773606360956,0.0,0.4965885099828386,0.41524507100015867,0.4,0.2915587886432164,0.0
LCID,5.91,0,-0.006722657234854065,1.8825578349541805,0.0,30006940,2,0.014579215824075849,0.8725000381469726,0.14663866657413085,0.2955425842142825,0.37742156131071963,0.0,0.5950918147310059,1.0,0.4,0.2955425842142825,0.0
HPE,46.43,0,-0.02019834146394865,1.0367104717745548,0.0,19203240,2,0.03401625216997261,2.5626007080078126,0.05407471494012237,0.17156161413346313,0.16323135533193392,0.0,0.6402421470524763,0.3489033812696121,0.4,0.17156161413346313,0.0
INTC,100.1,0,-0.0280609566337917,1.1417274756646891,0.0,105307880,2,-0.0857117595957679,7.125001525878906,0.0691814901802749,0.09922282676230751,0.18982434914342616,0.0,0.3621256984739735,0.45516472929064317,0.4,0.09922282676230751,0.0
HON,222.0,0,-0.003769504360505126,0.61281574593645,0.0,4104170,4,-0.007752222609265434,7.005998229980468,0.03143959049145435,0.32271261520745764,0.055890359080222086,0.0,0.5432180697557509,0.18968747990726584,0.8,0.32271261520745764,0.0
HOOD,114.39,0,-0.00995327078427256,0.8892046654223288,0.0,23680600,3,0.02131195398902364,6.663500213623047,0.05767266886638516,0.26581981874992316,0.12587910902725313,0.0,0.6107313062754569,0.3742114584895645,0.6,0.26581981874992316,0.0
HPQ,23.57,0,-0.007578947368421041,1.0183090076243904,0.0,13943410,3,0.0115422334991657,0.9070003509521485,0.0381894884611431,0.2876644179092977,0.15857163353317016,0.0,0.5880372021458383,0.23716639224039884,0.6,0.2876644179092977,0.0
GS,1146.7,0,-0.0046649479108224435,1.4583277827215226,0.0,1876670,3,0.08505172391255164,29.334014892578125,0.025462008610732403,0.3144742238847179,0.2699956518315793,0.0,0.758792550949153,0.14764105382002693,0.6,0.3144742238847179,0.0
LIN,513.8,0,-0.0006807826460018972,0.7488330859916442,0.0,2041710,1,-0.030401383063457934,12.016998291015625,0.023372552213160896,0.35112992656349346,0.09033343161471874,0.0,0.490606287634709,0.13294377727307846,0.2,0.35112992656349346,0.0
LMT,514.45,0,-1.948056647390416e-05,0.8803158780503593,0.0,926940,1,-0.022065545349808657,11.472998046875,0.022301048782921357,0.3572141351233324,0.12362824051245767,0.0,0.5099696224688574,0.12540680150582248,0.2,0.3572141351233324,0.0
KEYS,320.12,0,-0.008025755395424912,1.0356989309995555,0.0,1372310,2,0.005627831578009666,11.7072021484375,0.03627778023125499,0.28355362904796216,0.1629752073123449,0.0,0.5742986255711585,0.2237193997286629,0.4,0.28355362904796216,0.0
KLAC,216.78,0,-0.03438752783964365,0.7542248735502571,0.0,14082670,3,-0.028500212298865513,17.649000549316405,0.07861470177869223,0.041016176765760005,0.09169877025386976,0.0,0.49502252117431095,0.5215181213733686,0.6,0.041016176765760005,0.0
LRCX,322.4,0,-0.0388456398065028,0.8230703504190316,0.0,12452520,2,-0.03253442608284592,23.555999755859375,0.07022627752500371,0.0,0.1091322074354893,0.0,0.4856514375501851,0.4625137835978201,0.4,0.0,0.0
MRNA,67.69,0,-0.008589613207121302,0.3921020459839387,0.0,8727830,3,-0.07126051017350844,5.306600952148438,0.0777182344320347,0.27836594155890443,0.0,0.0,0.395694535937881,0.5152123527895166,0.6,0.27836594155890443,0.0
MPC,298.35,0,-0.002774225202554514,1.154839478703115,0.0,2013440,4,0.06328987616319852,8.201997375488281,0.027414926052146522,0.3318695287567913,0.193144643978936,0.0,0.7082419093633048,0.1613779127193953,0.8,0.3318695287567913,0.0
LYFT,16.16,0,-0.0043129725330037045,1.181463960486182,0.0,9973220,3,0.04669158377118385,0.5864002227783203,0.03613063704976053,0.3177125194728791,0.19988664435091388,0.0,0.669685701300927,0.22268439175580668,0.6,0.3177125194728791,0.0
OXY,53.69,0,-0.0014878269868439837,0.8449619121909879,0.0,10383900,2,0.0354921410896567,1.4320003509521484,0.026631957202176045,0.3437048386366179,0.11467571129829779,0.0,0.643670492506354,0.1558704947474113,0.4,0.3437048386366179,0.0
OPEN,4.66,0,-0.018905263157894803,1.2433736228854348,0.0,92714690,3,-0.017783304373397257,0.44840002059936523,0.09440000433670848,0.18345838316199875,0.21556375575258058,0.0,0.5199168489762774,0.6325522436178258,0.6,0.18345838316199875,0.0
ON,89.81,0,-0.02950076603110637,0.9953830688025114,0.0,11429670,2,-0.011219147235052475,4.700999450683594,0.05079964776502191,0.08597608078816664,0.15276619892135532,0.0,0.5351647433019565,0.32586649567667525,0.4,0.08597608078816664,0.0
NWS,31.58,0,-0.0025268429500213746,1.0425677053664986,0.0,1421970,3,0.033660907960847544,0.9210000991821289,0.029090338080257808,0.33414553130541275,0.1647145568221038,0.0,0.6394167172469754,0.17316279319637243,0.6,0.33414553130541275,0.0
NOC,525.0,0,-0.0004188163348596965,0.9320912985970584,0.0,884570,2,-0.023469716295229263,12.267001342773437,0.023355930899488262,0.35354010751102416,0.13673910244131457,0.0,0.5067078708471767,0.13282686263255084,0.4,0.35354010751102416,0.0
NNN,46.71,0,-0.014972547371591411,0.9111842105263158,0.0,1368000,3,0.007178934282533661,0.7320003509521484,0.015436532670124082,0.21964073278884264,0.13144489252209773,0.0,0.5779016852829223,0.07712166294632665,0.6,0.21964073278884264,0.0
NVDA,208.74,0,-0.01769411764705878,0.9433926230480979,0.0,131952060,3,0.046499028890170845,7.384001159667969,0.03474824075137868,0.1946013420492573,0.13960088710527785,0.0,0.6692384151656776,0.21296058956572025,0.6,0.1946013420492573,0.0
NEM,94.76,0,-0.004726384715888936,1.0210911605852893,0.0,6824660,4,0.002252725808347543,2.837000274658203,0.029797293371898327,0.31390898396358907,0.1592761458857527,0.0,0.5664585853300173,0.17813553033491505,0.8,0.31390898396358907,0.0
REGN,659.94,0,-0.006787586912747249,0.7389667238787104,0.0,751590,2,0.009182824322013367,15.34998779296875,0.023101794733936972,0.29494520865135176,0.08783501614967958,0.0,0.5825565256406857,0.13103926394897478,0.4,0.29494520865135176,0.0
PSX,194.0,0,-0.011011437713011244,0.936976287432415,0.0,2637420,3,0.04955646454498316,5.384001159667969,0.027446987454904665,0.2560843158914328,0.1379761066697322,0.0,0.676340538833591,0.16160343324395243,0.6,0.2560843158914328,0.0
PCAR,123.0,0,-0.0012180391719068288,0.6523006665107169,0.0,2864170,2,-0.0010626048812765096,2.996998596191406,0.024336163695147114,0.3461869801326079,0.06588895178028849,0.0,0.5587573967471345,0.13972183899814092,0.4,0.3461869801326079,0.0
PCG,17.5,0,-0.0005711152913259863,1.2574678659872716,0.0,13745560,4,0.021944683861806834,0.36099967956542967,0.020616771835900917,0.3521389042738468,0.21913277891740943,0.0,0.6122010758183797,0.1135595650184852,0.8,0.3521389042738468,0.0
PG,148.02,0,-0.0002114356711419557,0.6762709768224786,0.0,9136870,3,-0.0034932971951174515,2.970997619628906,0.02006752825658676,0.35544808156463237,0.07195884798916434,0.0,0.5531111364948955,0.109696175102238,0.6,0.35544808156463237,0.0
QCOM,174.0,0,-0.022362039684683692,0.675943265400021,0.0,13953390,1,-0.02982269782953823,8.609002685546875,0.048370619688776595,0.15165483984220343,0.0718758630676131,0.0,0.49195051677314544,0.30878066540121585,0.2,0.15165483984220343,0.0
PYPL,55.14,0,-0.0068443885920489705,4.341149852882271,0.0,20945810,4,0.1888905599308838,1.385000228881836,0.024945969334698802,0.2944226134953416,1.0,0.0,1.0,0.14401122361262567,0.8,0.2944226134953416,0.0
SJM,109.02,0,-1.6479940577281282e-05,1.0727551911106015,0.0,1569510,2,-0.025902687225341958,2.756000518798828,0.025279770717862225,0.35724174192260044,0.1723588010096192,0.0,0.5010563175924413,0.146359188971371,0.4,0.35724174192260044,0.0
STAG,39.83,0,-0.0022544632533406743,1.1079550267388738,0.0,1770830,5,0.022122050604143958,0.5800003051757813,0.014529066427337086,0.3366515190126552,0.1812723005035438,0.0,0.612613081394579,0.07073852791524289,1.0,0.3366515190126552,0.0
SOFI,17.82,0,-0.002798032282327701,0.8670279217939909,0.0,83246800,3,-0.0220008362604677,0.9980001449584961,0.05584779508053504,0.33165049536339236,0.12026338981777718,0.0,0.5101199353476301,0.3613752611297686,0.6,0.33165049536339236,0.0
SNAP,4.75,0,-0.0010504682019754103,1.2516910524494844,0.0,33788130,3,0.010615761893804398,0.18149995803833008,0.03813024145189294,0.34772869119204525,0.21766994184369864,0.0,0.5858850993188403,0.2367496476361366,0.6,0.34772869119204525,0.0
SMCI,26.45,0,-0.01636293788157616,0.7690833352700971,0.0,33130870,2,-0.022998960116260743,1.4449996948242188,0.05373743873644286,0.20684865772322972,0.09546131313670969,0.0,0.5078013913584609,0.3465309739564257,0.4,0.20684865772322972,0.0
ROST,224.0,0,-0.008015577601359689,0.8964827526355593,0.0,2419790,4,0.03641520005835256,4.91099853515625,0.02174836627364974,0.28364726828438513,0.12772210702806663,0.0,0.6458146681125149,0.12151922209001495,0.8,0.28364726828438513,0.0
SHW,331.0,0,-0.003882176748469644,1.2871027595458493,0.0,1945610,3,-0.015807365457529622,8.22000732421875,0.02473744955562664,0.3216759901483009,0.22663709261723614,0.0,0.5245067616106273,0.14254449147019183,0.6,0.3216759901483009,0.0
SIRI,30.31,0,-0.011092973010176447,0.6673018742905279,0.0,3893740,3,0.004918020279681096,0.8240001678466797,0.02688418199354588,0.2553341628701455,0.06968764161980026,0.0,0.5726498034238544,0.15764464878817874,0.6,0.2553341628701455,0.0
TSLA,393.0,0,-0.003701240903272675,0.7878205453949679,0.0,39947930,3,-0.022450010533173713,17.905999755859376,0.04539370314796183,0.3233406626969111,0.10020605441133798,0.0,0.5090765474914762,0.2878409771127252,0.6,0.3233406626969111,0.0
USB,62.06,0,-0.015076945672740098,1.225337443874767,0.0,7220460,3,0.012680580740375058,1.120000457763672,0.017774964094562116,0.21868023219895363,0.21099653350240635,0.0,0.5906814713298428,0.09357023462793038,0.6,0.21868023219895363,0.0
UPST,31.52,0,-0.0021209291631612164,0.6939822666867043,0.0,3726320,2,-0.04405979920581657,1.9649999618530274,0.062203227361873004,0.33788007896982347,0.07644379999032445,0.0,0.4588791242524884,0.40607949421297224,0.4,0.33788007896982347,0.0
TXN,294.75,0,-0.0213818599196668,0.9103624101808134,0.0,7021050,3,-0.0009983544309050772,12.0429931640625,0.03998470422804075,0.16067283373805394,0.13123679163659646,0.0,0.5589066442524873,0.24979397452361995,0.6,0.16067283373805394,0.0
UAL,117.18,0,-0.0313152118911842,1.3047386500748346,0.0,4550030,2,-0.04973252709946507,4.659999847412109,0.03852194594021865,0.06928254938247484,0.2311029515764967,0.0,0.4457019327810338,0.23950490455190426,0.4,0.06928254938247484,0.0
TJX,150.88,0,-0.000596153010368972,1.2829698634000728,0.0,5105420,2,-0.005402178368843241,3.0419967651367186,0.02014967702550139,0.3519085485722151,0.2255905375113301,0.0,0.5486769924298148,0.1102740111251064,0.4,0.3519085485722151,0.0
VLO,290.83,0,-0.006253002252478004,1.6622046369269696,0.0,2790210,2,0.042073180226538526,9.696002197265624,0.03313060232330259,0.29986357299142796,0.32162249054680275,0.0,0.6589576020616924,0.20158208970420702,0.4,0.29986357299142796,0.0
WBD,27.2,0,-0.00256694010225965,1.40030607783122,0.0,18661920,3,0.022343873478415942,0.5299997329711914,0.019435266742736792,0.3337766235937548,0.2553030708025656,0.0,0.6131283542124949,0.10524883543540141,0.6,0.3337766235937548,0.0
XOM,144.2,0,-0.0021451423335379395,0.9259943170073615,0.0,14513480,3,0.029948358741103617,2.8490005493164063,0.019714903173576943,0.3376573094019853,0.13519519062058488,0.0,0.6307928289108999,0.10721580347619714,0.6,0.3376573094019853,0.0
