ticker,premarket_price,premarket_volume,gap_pct,rvol,premarket_rvol,avg_volume_10d,trend_5d,breakout_score,atr_10d,volatility_score,norm_gap,norm_rvol,norm_pre_rvol,norm_breakout,norm_volatility,norm_trend,premarket_momentum,score
MRNA,197.0,0,0.0,2.111132192241843,0.0,17709360,4,0.007523168439060114,14.531600952148438,0.07376447183831694,0.0,0.8856052983281097,0.0,0.4660937889694999,1.0,0.8,0.0,3.7704
AFRM,77.15,0,0.0,1.5084645908059122,0.0,3462660,5,0.07070990238027895,2.7290000915527344,0.03537265116757423,0.0,0.5604233956031619,0.0,0.8041232946870646,0.40741361021199946,1.0,0.0,3.5307
PEP,128.34,0,0.0,2.3231427005015566,0.0,10323860,3,0.012576299512886718,2.540000152587891,0.019791181432642684,0.0,1.0,0.0,0.4931264791034873,0.1669101191949517,0.6,0.0,3.4231
MPC,463.34,0,0.0,1.3220252629150404,0.0,2080520,4,0.10732448499672138,15.2280029296875,0.03286572074512316,0.0,0.4598261588480029,0.0,1.0,0.36871857510984557,0.8,0.0,3.404
INTU,303.88,0,0.0,1.4982494908214747,0.0,3756050,4,0.07885908728920371,9.092216482223431,0.02992041705978559,0.0,0.554911624866606,0.0,0.8477189163459949,0.3232571500659023,0.8,0.0,3.343
MO,71.42,0,0.0,1.600393273701469,0.0,7282460,5,0.04180645422930218,1.2909996032714843,0.018076164048864873,0.0,0.6100254381681686,0.0,0.6494987764915688,0.14043844001639572,1.0,0.0,3.2645
LYFT,16.13,0,0.0,1.5532432939108953,0.0,8694710,4,0.04934451711467105,0.42600021362304685,0.026410429993029248,0.0,0.5845846809328196,0.0,0.6898250841241106,0.269079709982244,0.8,0.0,3.1384
DIS,107.02,0,0.0,1.5814161194453247,0.0,9024380,5,0.024134397780544,2.021997833251953,0.018893645082009577,0.0,0.5997859178843261,0.0,0.5549587340841895,0.15305644368717639,1.0,0.0,3.1085
PM,200.5,0,0.0,1.3259356599408538,0.0,4162570,5,0.04996804501570768,4.618591662506887,0.023035369887814898,0.0,0.4619360953075608,0.0,0.6931607657623577,0.2169848979070607,1.0,0.0,3.0721
AMT,166.73,0,0.0,1.5804954828233333,0.0,2808170,5,0.013011176972104146,3.4045292704687795,0.020419416767887843,0.0,0.599289169149627,0.0,0.49545293915954475,0.17660707294046368,1.0,0.0,3.0301
LUV,41.36,0,0.0,2.3073375886614733,0.0,6310520,2,-0.016104851913393257,1.105999755859375,0.026740806081675103,0.0,0.9914720215112057,0.0,0.3396911797089157,0.2741791392414592,0.4,0.0,3.0296
ZS,216.81,0,0.0,1.215099775452273,0.0,3068390,4,0.06802691144650493,8.583598327636718,0.039590417528218305,0.0,0.4021322768804127,0.0,0.789770122072825,0.47251578293932883,0.8,0.0,3.0252
COF,199.4,0,0.0,1.4512023759644517,0.0,3508470,5,0.01648599641732793,4.036001586914063,0.020240730744501903,0.0,0.529526370556478,0.0,0.5140421496830618,0.17384901396712246,1.0,0.0,2.917
PSX,281.6,0,0.0,0.9892714570858283,0.0,2404800,5,0.0673135427772926,7.697998046875,0.027336640198953797,0.0,0.28028188691319517,0.0,0.7859538200801859,0.2833759728977431,1.0,0.0,2.8812
OXY,60.28,0,0.0,1.2610026259352098,0.0,9390940,4,0.04968044179996026,1.3909992218017577,0.02307563453832543,0.0,0.4269001194274076,0.0,0.691622177410057,0.21760639184679184,0.8,0.0,2.8
TEAM,203.57,0,0.0,1.0887868852459017,0.0,2668750,3,0.07747765428382154,8.143798828125,0.04000490511922348,0.0,0.3339775164815963,0.0,0.840328676546203,0.478913492161618,0.6,0.0,2.7679
SYF,73.72,0,0.0,1.435952669674397,0.0,2655380,4,0.02371828222421955,1.561498260498047,0.021181473611526804,0.0,0.5212980727425897,0.0,0.5527326444123195,0.1883695917763935,0.8,0.0,2.7659
ZM,94.67,0,0.0,1.5314712408861963,0.0,2555190,3,0.028937841838461237,2.5125,0.026539558979564636,0.0,0.5728371145928813,0.0,0.5806556758212039,0.2710728449420117,0.6,0.0,2.7522
EIX,54.3,0,0.0,1.3726259765814062,0.0,5681810,4,0.025728681708298888,1.3594530202967774,0.025035967576384988,0.0,0.4871288316813597,0.0,0.5634876605606517,0.2478645733424959,0.8,0.0,2.7434
AXP,308.1,0,0.0,1.5337110842299613,0.0,3455540,4,0.009995076886988358,4.857003784179687,0.0157643741900733,0.0,0.574045668891463,0.0,0.4793177354961486,0.10475544341879496,0.8,0.0,2.7194
DVN,48.92,0,0.0,1.2807603538631238,0.0,9029480,4,0.03200215798413895,1.3520000457763672,0.027636960269443026,0.0,0.437560814553233,0.0,0.5970488205127685,0.28801148075443905,0.8,0.0,2.7147
DOW,28.59,0,0.0,1.5363016097073992,0.0,9195460,3,0.022349365156079295,0.7906000137329101,0.027653025866155763,0.0,0.5754434410660474,0.0,0.5454093610101063,0.2882594568542817,0.6,0.0,2.7131
PG,150.59,0,0.0,1.408179891693755,0.0,8555370,4,0.024087340275247934,2.4339981079101562,0.016163079667316036,0.0,0.5063126898114602,0.0,0.5547069909687702,0.11090955216435983,0.8,0.0,2.7001
SNAP,5.86,0,0.0,1.0243756734665037,0.0,31135550,4,0.05263159247172202,0.2322000503540039,0.039624581068865454,0.0,0.29922310069196484,0.0,0.707409921777438,0.47304310487563644,0.8,0.0,2.6961
V,375.1,0,0.0,1.2312124176286665,0.0,5203570,5,0.022519428429595596,5.747003173828125,0.015321255879271127,0.0,0.4108261897908828,0.0,0.5463191469841828,0.09791581259484383,1.0,0.0,2.6901
CCI,68.89,0,0.0,1.3617240911987498,0.0,3468030,4,0.020622819150673082,1.6909996032714845,0.024546372742827716,0.0,0.4812464915263972,0.0,0.5361728732791685,0.24030756693311617,0.8,0.0,2.6869
HD,295.47,0,0.0,1.5136341083796072,0.0,5885240,3,0.029508608734198142,5.89300537109375,0.019944513306756763,0.0,0.563212716875417,0.0,0.5837091023810477,0.16927683116987852,0.6,0.0,2.6866
VLO,443.8,0,0.0,0.9641331234540139,0.0,2668200,3,0.08953694313926507,15.09400634765625,0.03401083092119767,0.0,0.2667179735018037,0.0,0.9048421463340716,0.38639360831468184,0.6,0.0,2.6839
MTCH,41.5,0,0.0,1.1291306314332314,0.0,2918440,5,0.030017936023370502,0.8689176598339963,0.020937774935758945,0.0,0.355745828096474,0.0,0.5864338460268826,0.18460804788640955,1.0,0.0,2.6834
RBLX,45.52,0,0.0,1.0967972291565289,0.0,13275380,4,0.032105939671493534,2.1634998321533203,0.04752855470994013,0.0,0.338299664989551,0.0,0.5976040204778694,0.5950427163322854,0.8,0.0,2.6705
ABBV,272.42,0,0.0,1.127416567109644,0.0,4871580,5,0.026265077530235294,5.860995483398438,0.021514555445660017,0.0,0.35482096885929404,0.0,0.5663572124942398,0.19351078482596887,1.0,0.0,2.6559
FTNT,189.1,0,0.0,1.3531898352849716,0.0,3292960,3,0.040176922583393566,4.930000305175781,0.026070862750142056,0.0,0.4766416553451062,0.0,0.640781285612391,0.26383841318940576,0.6,0.0,2.6464
NFLX,71.57,0,0.0,1.2580635469500687,0.0,36612300,4,0.0333078149990527,1.4340003967285155,0.020036333699079492,0.0,0.4253142779214598,0.0,0.6040336821737391,0.1706940995839527,0.8,0.0,2.642
PCG,12.67,0,0.0,1.2492947060717439,0.0,37643880,4,0.026989592907320278,0.3275115605288191,0.025849373208892534,0.0,0.42058286651870314,0.0,0.5702331459303411,0.260419672287522,0.8,0.0,2.6267
MA,574.76,0,0.0,1.1767910556523309,0.0,2881820,5,0.021031372590944165,9.14901123046875,0.015917967630001823,0.0,0.38146200629373944,0.0,0.5383585079663881,0.10712619272091718,1.0,0.0,2.624
TMUS,171.31,0,0.0,1.0561861217017008,0.0,4107420,5,0.03645846604133732,2.859999084472656,0.01669487551941877,0.0,0.3163870930137829,0.0,0.6208886918899044,0.11911794078975127,1.0,0.0,2.6237
BAC,53.61,0,0.0,1.6169724553477107,0.0,36965070,4,-0.014992826958965796,0.9229999542236328,0.01721693608870078,0.0,0.6189710822022964,0.0,0.3456401696668458,0.12717606313447388,0.8,0.0,2.62
PYPL,55.02,0,0.0,1.3001373760160584,0.0,10780630,4,0.017776881596656045,1.43699951171875,0.02611776626250428,0.0,0.44801609191976416,0.0,0.5209479865872504,0.2645623794554883,0.8,0.0,2.6097
DOCU,71.43,0,0.0,1.258449882289206,0.0,2510390,3,0.04134471318859176,2.3089996337890626,0.032325348227973526,0.0,0.42552273322977774,0.0,0.647028604573741,0.36037780372980044,0.6,0.0,2.6018
T,24.87,0,0.0,1.5748676478519574,0.0,33560090,3,0.011921763393775263,0.38700046539306643,0.015560934955119022,0.0,0.5962525531446293,0.0,0.4896249130781984,0.10161531305569761,0.6,0.0,2.5778
NOW,139.75,0,0.0,1.2372341628248773,0.0,9552840,3,0.03149473649877639,5.046000671386719,0.036107339330137524,0.0,0.4140753482921247,0.0,0.5943342723285382,0.41875368729787577,0.6,0.0,2.529
COP,134.19,0,0.0,1.0293943184090733,0.0,5900460,4,0.048752672825206095,2.709001159667969,0.020187801701925207,0.0,0.30193101548220297,0.0,0.6866589000194581,0.17303204228650193,0.8,0.0,2.5204
DLTR,118.62,0,0.0,1.073531770582709,0.0,2182050,4,0.03300532651060961,3.2980003356933594,0.027803070808716444,0.0,0.3257463004669228,0.0,0.6024154622111628,0.2905754343011586,0.8,0.0,2.5004
PINS,20.53,0,0.0,1.0744482307872487,0.0,11911230,3,0.056124324867854326,0.6055000305175782,0.02949342475723578,0.0,0.32624079572828063,0.0,0.7260949610543005,0.3166664278074998,0.6,0.0,2.5
KEYS,374.67,0,0.0,1.6852583239599808,0.0,1182430,2,0.0035651482835451376,8.919195556640625,0.02380546944507728,0.0,0.6558161500832589,0.0,0.444919603925634,0.22887155783728963,0.4,0.0,2.4934
EOG,148.51,0,0.0,1.0287703390752365,0.0,2849810,4,0.04424923254354824,3.099995422363281,0.020873985166167303,0.0,0.30159433438875344,0.0,0.6625668858024623,0.1836234384407698,0.8,0.0,2.4889
BRK-B,511.05,0,0.0,1.1433311992649682,0.0,4092340,5,0.014165142312904192,4.58800048828125,0.008977596317133449,0.0,0.36340804132362675,0.0,0.5016262972275328,0.0,1.0,0.0,2.4793
XEL,73.36,0,0.0,1.159648320271853,0.0,5967930,4,0.029888662103632307,1.1770004272460937,0.016044171448384794,0.0,0.37221228506158405,0.0,0.5857422704940829,0.10907417705212182,0.8,0.0,2.4776
VRSK,175.49,0,0.0,1.1528698585527963,0.0,1197620,3,0.04727634789565071,4.271000671386719,0.024337572156227942,0.0,0.36855482434177894,0.0,0.6787610177411878,0.23708468290112572,0.6,0.0,2.4738
WMT,110.56,0,0.0,1.080939874107587,0.0,21972730,4,0.03623443225507245,2.120001220703125,0.019175120002870683,0.0,0.3297434975853071,0.0,0.6196901803462377,0.157401072419412,0.8,0.0,2.4677
PAYX,104.46,0,0.0,1.042788502012678,0.0,3207170,4,0.03933058509547105,2.093999481201172,0.020045945812308858,0.0,0.3091581272421347,0.0,0.6362536415189515,0.17084246471426714,0.8,0.0,2.4581
EBAY,111.98,0,0.0,0.9455844973901704,0.0,3159210,4,0.044053918589470144,2.8449989318847657,0.02540631225752333,0.0,0.2567096745622175,0.0,0.6615220164883088,0.2535809268193239,0.8,0.0,2.4325
WFC,82.03,0,0.0,1.2271226990439075,0.0,13609560,4,0.012403554543588496,1.5399993896484374,0.018773612246317743,0.0,0.40861949663559644,0.0,0.4922023468854588,0.15120370986221232,0.8,0.0,2.4311
ISRG,415.41,0,0.0,1.286226365279555,0.0,1969560,3,0.01987656247550929,11.442996215820312,0.02754627022686709,0.0,0.4405101152763453,0.0,0.5321806306150878,0.28661165954302276,0.6,0.0,2.4226
AVGO,360.14,0,0.0,1.210757673850926,0.0,22334940,4,0.005298114578126396,9.80499267578125,0.027225501963042666,0.0,0.3997894051926252,0.0,0.4541904382201784,0.28166052922158075,0.8,0.0,2.4217
COST,947.92,0,0.0,0.956579590049349,0.0,2374920,5,0.023055194512958194,17.339013671875,0.018291642738286266,0.0,0.2626423066516644,0.0,0.5491853300109518,0.1437644020679371,1.0,0.0,2.4209
DG,124.27,0,0.0,1.0739428643912692,0.0,2207380,4,0.02355327585061586,3.3823753023437204,0.027217956012815573,0.0,0.32596811472497744,0.0,0.5518499112905001,0.2815440557820702,0.8,0.0,2.4205
HPE,71.0,0,0.0,0.8236993332746871,0.0,19552280,3,0.06480300388914453,3.119800567626953,0.04394085306516835,0.0,0.19094398633444415,0.0,0.7725232126328239,0.5396657342520385,0.6,0.0,2.4105
LLY,1169.6,0,0.0,1.3622578967319916,0.0,2268660,3,0.0029515659426087183,34.0849853515625,0.02914242994446615,0.0,0.48153451746071174,0.0,0.4416371279613483,0.3112487439024493,0.6,0.0,2.3811
TTWO,209.37,0,0.0,1.2314095777310257,0.0,2200730,3,0.026429170680895703,4.817997741699219,0.02301188257181987,0.0,0.4109325716456131,0.0,0.567235060155443,0.21662236590029108,0.6,0.0,2.381
KDP,31.26,0,0.0,1.308284405660454,0.0,11106530,3,0.010244643549841436,0.8481069528473479,0.027130740455457908,0.0,0.452411992072699,0.0,0.4806528400414521,0.28019786403171876,0.6,0.0,2.3659
GIS,32.59,0,0.0,1.3368445530340587,0.0,12385060,3,0.0023991280403582614,1.0020008087158203,0.03074565216398914,0.0,0.4678222166192413,0.0,0.43868175585410996,0.3359948395680564,0.6,0.0,2.3617
ORCL,135.69,0,0.0,1.4831187734188296,0.0,28470680,3,-0.024977360874237797,5.130001831054687,0.037806778235337776,0.0,0.5467475299943039,0.0,0.29222599783547054,0.44498490915460176,0.6,0.0,2.3543
TXN,288.2,0,0.0,1.3446495867245147,0.0,4420780,3,0.006784126509837041,6.2649993896484375,0.021738373089130597,0.0,0.47203358570602744,0.0,0.4621401429672831,0.19696546050943192,0.6,0.0,2.3358
ADI,405.93,0,0.0,1.3821851198095287,0.0,2679670,3,-0.0005096895529931945,9.376004028320313,0.023097588740650127,0.0,0.49228666723770104,0.0,0.4231204803778706,0.21794525989912628,0.6,0.0,2.3282
PPG,105.46,0,0.0,1.231439071313277,0.0,1678930,4,-0.002298894379082165,2.0660003662109374,0.019590369658130633,0.0,0.4109484855244607,0.0,0.41354878731405487,0.16381054427492964,0.8,0.0,2.3241
SNPS,497.75,0,0.0,1.1248553621206543,0.0,3042080,1,0.06632532272899305,20.303012084960937,0.04078957726762619,0.0,0.3534390171671773,0.0,0.7806671481218339,0.4910250833147698,0.2,0.0,2.3234
VICI,22.79,0,0.0,1.641260724062158,0.0,10407670,2,-0.00454263726897069,0.353900146484375,0.015528746479481484,0.0,0.6320763253174739,0.0,0.4015454560336014,0.10111847669218116,0.4,0.0,2.317
MDLZ,60.67,0,0.0,0.9999246330408749,0.0,7695680,4,0.02812329324491337,1.0278088014435114,0.01694097300912081,0.0,0.28603003069738364,0.0,0.5762980924918287,0.12291651091251592,0.8,0.0,2.298
SMCI,42.77,0,0.0,1.1517176994316716,0.0,33623170,3,0.0014048554103769414,2.094000244140625,0.04895955627142199,0.0,0.3679331528028467,0.0,0.43336270445364117,0.6171305473932843,0.6,0.0,2.2945
XOM,168.5,0,0.0,1.1695016541705427,0.0,11362190,3,0.02990702870704528,2.83399658203125,0.016818970813241838,0.0,0.3775288573440926,0.0,0.5858405261481758,0.12103337956997909,0.6,0.0,2.2943
ADBE,241.05,0,0.0,1.3448950452455126,0.0,4314240,2,0.017393412097388802,7.412001037597657,0.030748811216592956,0.0,0.47216602798218094,0.0,0.5188965432349851,0.33604360025574825,0.4,0.0,2.2907
CTSH,60.01,0,0.0,1.348126783151165,0.0,7364070,1,0.03426284150529764,2.290999984741211,0.03817697131844675,0.0,0.473909779726533,0.0,0.6091427789368897,0.4506989226817386,0.2,0.0,2.2869
IBM,226.61,0,0.0,1.5530284568412698,0.0,5744840,1,0.018769542102555308,4.792999267578125,0.02115087266523391,0.0,0.5844687611008754,0.0,0.5262584136219287,0.18789725928548817,0.2,0.0,2.2523
IDXX,513.14,0,0.0,1.3968362170940514,0.0,498770,3,-0.013643733912751792,12.558004760742188,0.024472861991372722,0.0,0.5001919730491267,0.0,0.3528574006761738,0.23917291194530219,0.6,0.0,2.2493
UNH,370.95,0,0.0,1.521985842283794,0.0,4784670,2,-0.00692565209890634,8.358001708984375,0.022531342320915422,0.0,0.5677190694909303,0.0,0.38879706290047733,0.20920511901133862,0.4,0.0,2.2232
EMN,63.76,0,0.0,1.3947586129534333,0.0,1426340,3,-0.01758065766471152,1.5979999542236327,0.02506273519903704,0.0,0.4990709583041068,0.0,0.33179607487381957,0.24827773762054942,0.6,0.0,2.22
UPST,24.19,0,0.0,0.9530261866943406,0.0,4413310,3,0.028705097898774207,0.9182001113891601,0.037957837582368245,0.0,0.2607249935899074,0.0,0.5794105676476378,0.44731654416269956,0.6,0.0,2.2142
ORLY,86.01,0,0.0,1.4340715596838018,0.0,5420650,2,0.007496789344921914,1.581000518798828,0.018381589112097634,0.0,0.5202830805237958,0.0,0.46595266896540044,0.145152744584655,0.4,0.0,2.2121
FOX,56.97,0,0.0,0.9412886527721019,0.0,954330,4,0.015037611870927921,1.5300994873046876,0.02685798586131403,0.0,0.25439176179672973,0.0,0.5062937398227894,0.27598783550434064,0.8,0.0,2.2062
CRWD,263.01,0,0.0,1.2309687945941408,0.0,7624320,3,-0.009371036025553808,9.783102416992188,0.03719669234532238,0.0,0.41069473788982497,0.0,0.37571501436821264,0.4355680961796356,0.6,0.0,2.2027
AAPL,340.42,0,0.0,0.9933732692294155,0.0,35515250,4,0.016327789239741028,6.032003784179688,0.017719298355706646,0.0,0.2824951054009552,0.0,0.5131957901593931,0.13493013775166401,0.8,0.0,2.2022
DD,132.48,0,0.0,1.0311596124941584,0.0,791730,4,0.01175336144398635,2.241002655029297,0.01691578145607875,0.0,0.3028835168081236,0.0,0.4887240146728151,0.12252767362349086,0.8,0.0,2.2001
OKTA,220.21,0,0.0,0.8240513811677659,0.0,3011220,3,0.04332791205871153,8.537101745605469,0.038768000932392986,0.0,0.19113394113448465,0.0,0.6576381058407295,0.45982159774812587,0.6,0.0,2.1986
SJM,119.41,0,0.0,1.1834453522708746,0.0,1103980,3,0.0095963043064766,2.7199989318847657,0.022778652110098403,0.0,0.38505247113797286,0.0,0.47718442538694894,0.21302240124934557,0.6,0.0,2.1924
DELL,574.55,0,0.0,0.9033827662741298,0.0,5717510,3,0.03189338794070507,22.1429931640625,0.03853971566359414,0.0,0.23393884833909984,0.0,0.5964669343837428,0.45629796326255473,0.6,0.0,2.1907
MET,98.47,0,0.0,0.8873494824308147,0.0,3408240,4,0.02578260882074209,2.018999481201172,0.020503701189928298,0.0,0.22528775487617597,0.0,0.5637761539520163,0.17790802195772099,0.8,0.0,2.1852
NEM,115.55,0,0.0,1.10264986685718,0.0,4927040,4,-0.005114310098641885,2.5730010986328127,0.022267425622483968,0.0,0.34145757800648263,0.0,0.39848718300708796,0.20513150539271055,0.8,0.0,2.1832
DASH,191.71,0,0.0,0.8271982857580163,0.0,3920100,4,0.01861521738568193,6.865501403808594,0.035811909464149964,0.0,0.1928319192901269,0.0,0.5254328240636326,0.41419366084790504,0.8,0.0,2.1809
SIRI,26.33,0,0.0,0.9611488169709584,0.0,4515950,4,0.013666984550762396,0.5770000457763672,0.021914168152232644,0.0,0.26510772855390513,0.0,0.4989613071006051,0.19967889686035714,0.8,0.0,2.1785
LOW,188.85,0,0.0,1.2387018119140707,0.0,3330180,2,0.023449686709952115,4.3600006103515625,0.02308710865469438,0.0,0.41486724903843886,0.0,0.5512957413907099,0.21778349741449587,0.4,0.0,2.1656
O,54.17,0,0.0,1.3044518908568694,0.0,9442280,3,-0.0018628869384444602,0.7661414971551729,0.01414328083906763,0.0,0.45034407859422143,0.0,0.41588129242161515,0.07973350281794571,0.6,0.0,2.1644
NWS,31.92,0,0.0,1.18396294688088,0.0,967260,3,0.006083141751315394,0.7200008392333984,0.02255641721530327,0.0,0.3853317501297766,0.0,0.45839009107096185,0.209592155647789,0.6,0.0,2.163
UPS,94.13,0,0.0,1.4031624677096939,0.0,4792460,2,0.006565696273913407,1.5819999694824218,0.016806544307266275,0.0,0.5036054338149086,0.0,0.46097160868678483,0.12084157365441986,0.4,0.0,2.1591
ABNB,163.23,0,0.0,0.8579115135782946,0.0,4021860,4,0.01867219529787276,4.656399536132812,0.028526616786201484,0.0,0.2094038834004038,0.0,0.5257376382911347,0.30174352925348363,0.8,0.0,2.1583
GOOGL,348.29,0,0.0,0.9560534717736924,0.0,24540050,4,0.010605446133147489,7.683999633789062,0.022062073115135004,0.0,0.26235842853787705,0.0,0.4825830223960271,0.20196184323973607,0.8,0.0,2.1496
ANET,210.97,0,0.0,1.0607036400426448,0.0,4596100,3,0.014854583260702787,6.060401916503906,0.02872636811602379,0.0,0.31882461447039173,0.0,0.5053145933028231,0.30482673597113114,0.6,0.0,2.148
TJX,138.75,0,0.0,0.9740889917093936,0.0,8294930,3,0.03415121904951236,2.704997253417969,0.019495475700309687,0.0,0.27208987033987764,0.0,0.6085456332830065,0.16234583468587224,0.6,0.0,2.1382
SO,86.15,0,0.0,0.8845622160651728,0.0,6770920,4,0.026108308177813472,1.2160011291503907,0.014114928701250362,0.0,0.22378382704262206,0.0,0.5655185448910034,0.0792958811918187,0.8,0.0,2.1355
CPB,19.37,0,0.0,1.3288984498720051,0.0,8808950,2,-0.002308046923295889,0.5866716732308295,0.030287643149841392,0.0,0.4635347305500901,0.0,0.4134998240300924,0.32892536738772277,0.4,0.0,2.1118
CPRT,27.48,0,0.0,1.2844020075009512,0.0,9382810,2,0.009143975473924234,0.6599996566772461,0.024017455155442673,0.0,0.4395257448998991,0.0,0.47476460587496533,0.23214360497122,0.4,0.0,2.1073
DDOG,273.8,0,0.0,1.0434527242427352,0.0,2826290,3,0.00193393076075593,10.738796997070313,0.039221320218576314,0.0,0.30951652223149134,0.0,0.43619309412597856,0.46681868292219175,0.6,0.0,2.1067
GE,305.62,0,0.0,1.4783142010738752,0.0,4320800,2,-0.0203071500156254,7.327916215962153,0.02397721462285975,0.0,0.5441551225491561,0.0,0.31721018311718097,0.23152248329712777,0.4,0.0,2.0799
GOOG,344.86,0,0.0,0.8947815522309593,0.0,15597550,4,0.010066663367224253,7.45789794921875,0.021625872139430454,0.0,0.22929788349937955,0.0,0.47970070104953055,0.19522898303934064,0.8,0.0,2.0758
AMZN,254.06,0,0.0,1.0786312664686142,0.0,35734640,3,0.010958742749515926,4.905001831054688,0.019306470432927755,0.0,0.3284978400737736,0.0,0.4844730501463744,0.15942849585973712,0.6,0.0,2.0634
MSFT,522.61,0,0.0,0.8835457819706224,0.0,22864350,4,0.008037500920778639,11.3090087890625,0.021639480886410673,0.0,0.22323538877902055,0.0,0.4688453088491559,0.19543903711079788,0.8,0.0,2.0475
ALGN,141.03,0,0.0,1.4211121563487616,0.0,946090,2,-0.01599883340630928,3.28499755859375,0.023292899291125754,0.0,0.5132905635465638,0.0,0.3402583459685273,0.22095992218843155,0.4,0.0,2.0474
WDAY,187.81,0,0.0,1.2295559368457507,0.0,1905810,2,-2.6639815292761254e-05,6.253001403808594,0.03329429468661676,0.0,0.4099324009568183,0.0,0.4257046472415002,0.3753337103211966,0.4,0.0,2.0461
AEE,101.84,0,0.0,1.059054801907683,0.0,2614690,3,0.015829922664758456,1.4719993591308593,0.014454039788522525,0.0,0.3179349493867954,0.0,0.510532357793808,0.08453013712010904,0.6,0.0,2.0439
ECL,281.69,0,0.0,0.8312587388739215,0.0,1172920,4,0.015168604665549812,5.4290008544921875,0.0192729625028899,0.0,0.1950228216499178,0.0,0.5069945108051888,0.15891129342068913,0.8,0.0,2.03
PFE,27.82,0,0.0,1.3948188289496044,0.0,31776600,2,-0.010949949674421713,0.5409999847412109,0.019446441073896252,0.0,0.49910344910361676,0.0,0.36726831413531186,0.16158897419493218,0.4,0.0,2.0299
CVX,211.55,0,0.0,1.1389764038428198,0.0,6690920,2,0.024976388965652848,3.664997863769531,0.01732449922429381,0.0,0.3610583204194699,0.0,0.5594631268003197,0.12883632433286826,0.4,0.0,2.0257
UBER,70.24,0,0.0,0.9668903406321329,0.0,14996530,3,0.0196112172930372,1.472900390625,0.02096953922865559,0.0,0.2682056876680711,0.0,0.530761115864428,0.18509833689388389,0.6,0.0,2.0251
SLB,48.98,0,0.0,1.1501251923241833,0.0,14110290,3,-0.012977604051106425,1.3740001678466798,0.02805226992013046,0.0,0.36707388230268684,0.0,0.35642098964225594,0.29442187865287817,0.6,0.0,2.016
DXCM,84.41,0,0.0,1.1920041770210965,0.0,3026080,3,-0.014845566292248933,2.006999206542969,0.02377679326465764,0.0,0.3896705639485625,0.0,0.34642796873916765,0.22842893454068902,0.6,0.0,2.0132
HPQ,32.44,0,0.0,0.8558568939807144,0.0,11715510,3,0.024054509492885907,0.9530000686645508,0.029377315320843218,0.0,0.20829527044605678,0.0,0.5545313564258536,0.3148742525334415,0.6,0.0,2.0058
JD,26.91,0,0.0,1.0224692169883505,0.0,6508460,3,0.01558665244108188,0.3855003356933594,0.014325542098820648,0.0,0.2981944322459573,0.0,0.509230937252881,0.0825467463690014,0.6,0.0,2.0015
CHTR,109.67,0,0.0,1.152945311734268,0.0,2958770,2,-0.002619200182620331,4.480000305175781,0.04084982565855791,0.0,0.3685955366831412,0.0,0.4118352502201896,0.49195503078402253,0.4,0.0,2.0009
FANG,191.68,0,0.0,1.0297420292363828,0.0,2195210,2,0.033315332897548865,3.7319992065429686,0.019469946520999145,0.0,0.3021186301277442,0.0,0.6040739006081188,0.161951786059431,0.4,0.0,1.9913
CTAS,201.12,0,0.0,0.7777348822517811,0.0,1709580,4,0.020095524269165728,3.3019989013671873,0.016418053806351758,0.0,0.1661429059283901,0.0,0.5333520085652375,0.1148451353667378,0.8,0.0,1.9897
CMCSA,21.21,0,0.0,1.4815375809254427,0.0,30171290,1,-0.004014984287649762,0.4368265414093024,0.020595311657938396,0.0,0.5458943645307069,0.0,0.404368236470904,0.17932205014279906,0.2,0.0,1.988
AMD,620.68,0,0.0,1.2330484072530339,0.0,18996740,2,-0.007734390602913275,20.567999267578124,0.03313784802198713,0.0,0.41181683637286687,0.0,0.3844705617551809,0.3729189208538689,0.4,0.0,1.9868
KR,61.41,0,0.0,0.9941799195248132,0.0,8350400,2,0.033490410010238156,1.393000030517578,0.022683602572525993,0.0,0.2829303504303314,0.0,0.6050105090727987,0.21155529025182057,0.4,0.0,1.9792
PDD,78.26,0,0.0,1.0082456513622988,0.0,4982020,3,0.007933670214735327,1.6310005187988281,0.02084079318014427,0.0,0.29051981007812816,0.0,0.46828984664921414,0.18311111266867452,0.6,0.0,1.975
DUK,116.84,0,0.0,0.9735975485562983,0.0,4369670,3,0.020713004109718276,1.4109992980957031,0.012076338089015527,0.0,0.2718247019133289,0.0,0.5366553349483785,0.047829776431630444,0.6,0.0,1.9725
EXC,41.73,0,0.0,0.7600505602692265,0.0,9960390,4,0.021217214683090048,0.6390003204345703,0.015312732505252408,0.0,0.15660096032357215,0.0,0.5393527057454351,0.09778425239920001,0.8,0.0,1.9711
EQIX,1011.16,0,0.0,1.2874034984852927,0.0,511650,2,-0.008450888095642222,23.90899658203125,0.02364511770346134,0.0,0.4411452621046973,0.0,0.3806375215233444,0.22639649262807904,0.4,0.0,1.9664
ENPH,32.91,0,0.0,1.0799958447021012,0.0,4716870,2,0.0027727661211740216,1.3429998397827148,0.04080826028591799,0.0,0.3292341267852628,0.0,0.4406806041549718,0.4913134599055762,0.4,0.0,1.9651
AEP,122.32,0,0.0,0.7612505257255012,0.0,3637830,4,0.019664721305998025,1.9400016784667968,0.01586005300283601,0.0,0.15724842676999456,0.0,0.5310473458042739,0.10623226742046223,0.8,0.0,1.9642
AWK,128.18,0,0.0,1.1057880073944855,0.0,1920350,3,-0.005323401144181941,2.497000885009766,0.019480426179502797,0.0,0.34315082733415164,0.0,0.3973686105098985,0.16211354194624214,0.6,0.0,1.9634
UAL,107.44,0,0.0,1.4107215281832322,0.0,4487420,2,-0.03456825886004198,3.520000457763672,0.03276247559360722,0.0,0.5076840829105983,0.0,0.24091765661712336,0.36712496296717967,0.4,0.0,1.9603
VRTX,503.25,0,0.0,1.5608937375432708,0.0,953300,1,-0.01892360904433359,9.997012329101562,0.019864902790067685,0.0,0.5887126377221648,0.0,0.324611699883356,0.16804802493329674,0.2,0.0,1.9484
MNST,43.65,0,0.0,0.8668706877477225,0.0,9897670,3,0.022966989637513913,0.9099994659423828,0.02084763881171616,0.0,0.21423799310916747,0.0,0.548713461177281,0.18321677653217805,0.6,0.0,1.9432
USB,57.03,0,0.0,1.1234830761903918,0.0,7895090,3,-0.008179099568287983,0.9572788588544988,0.016785531813863754,0.0,0.35269857160676854,0.0,0.382091506178521,0.1205172410911733,0.6,0.0,1.9388
CSCO,114.89,0,0.0,0.7713502719364984,0.0,16810910,3,0.035103656796487,2.319540998096582,0.02018923327025078,0.0,0.16269795596669603,0.0,0.6136408809838307,0.1730541388656942,0.6,0.0,1.9324
ALK,39.52,0,0.0,1.1588563849205384,0.0,3287120,2,-0.0032283973115352117,1.2180000305175782,0.03081983847189716,0.0,0.37178497978789415,0.0,0.40857623378545466,0.3371399219217156,0.4,0.0,1.925
ON,79.41,0,0.0,0.9999089461287501,0.0,11641460,3,-0.013295186866414444,2.947997283935547,0.037123752020958405,0.0,0.2860215664960222,0.0,0.3547220196941838,0.4344422458623113,0.6,0.0,1.9213
GEHC,64.22,0,0.0,1.3111322801725278,0.0,3779100,2,-0.016403455512456085,1.441900634765625,0.022452516464618,0.0,0.4539486222986338,0.0,0.33809374270432874,0.20798842418444194,0.4,0.0,1.919
SPG,199.61,0,0.0,0.944915072027521,0.0,1162750,4,-0.010111621793118634,2.9600006103515626,0.01482891939933224,0.0,0.2563484721139027,0.0,0.37175310930782,0.09031648825672374,0.8,0.0,1.9155
PLD,129.29,0,0.0,1.068797343571651,0.0,3951170,3,-0.0042206879391926974,2.138994598388672,0.016544162034681557,0.0,0.3231917414030208,0.0,0.4032677854850999,0.11679164424396503,0.6,0.0,1.9097
ETR,102.49,0,0.0,1.0730622514406298,0.0,3080250,2,0.01842280123032512,1.8560012817382812,0.0181090966964922,0.0,0.3254929615988249,0.0,0.5244034570773939,0.14094676284200502,0.4,0.0,1.9081
NVDA,230.48,0,0.0,1.058021036350294,0.0,111823580,3,-0.006731564140092758,4.669001770019531,0.02025773106807487,0.0,0.3173771595701164,0.0,0.38983537351872394,0.17411141778635603,0.6,0.0,1.9066
PANW,398.5,0,0.0,0.8748767458529187,0.0,5050540,3,0.0005573999119669038,14.970001220703125,0.037565875083320266,0.0,0.21855782912120997,0.0,0.4288290793494908,0.4412665148026663,0.6,0.0,1.901
CAT,796.18,0,0.0,1.1938401222388193,0.0,2336410,3,-0.03753724230826117,25.73199462890625,0.032319318327036606,0.0,0.3906611865700132,0.0,0.22503451240494118,0.36028473085217805,0.6,0.0,1.899
CL,88.1,0,0.0,0.874097113333162,0.0,4668360,3,0.022160332962040296,1.2950004577636718,0.014699210898897704,0.0,0.2181371620974697,0.0,0.5443980971714791,0.08831440836953847,0.6,0.0,1.897
APD,278.38,0,0.0,0.8181791674361193,0.0,1028870,4,0.0019048475546973405,4.894079213532666,0.017580570183526253,0.0,0.18796546546080534,0.0,0.43603750795851165,0.13278883720175505,0.8,0.0,1.8964
FAST,50.49,0,0.0,0.9863396058196163,0.0,6864370,3,0.0033584663972521483,0.9209999084472656,0.01824123346860687,0.0,0.2786999452740863,0.0,0.4438139196861323,0.14298632364890745,0.6,0.0,1.8946
LMT,507.89,0,0.0,1.0267420171015937,0.0,1082940,3,-0.002942715315987692,9.1800048828125,0.018074789064649988,0.0,0.3004999108671364,0.0,0.4101045442032264,0.14041721682568273,0.6,0.0,1.8864
NNN,40.27,0,0.0,1.0853588401951826,0.0,2834270,3,-0.011245329962647604,0.7090011596679687,0.017606187027774917,0.0,0.33212784311345156,0.0,0.365688120847895,0.13318423895623985,0.6,0.0,1.8794
TSLA,375.0,0,0.0,0.7705030945576985,0.0,36746770,3,0.020649793601238486,10.6719970703125,0.028458658854166666,0.0,0.16224084370227812,0.0,0.5363171782562245,0.30069458328274307,0.6,0.0,1.8793
LIN,481.7,0,0.0,0.932234359658508,0.0,2271210,3,0.008396686076344077,8.043002319335937,0.016697118778313653,0.0,0.2495063286732422,0.0,0.4707668384650056,0.11915256599550224,0.6,0.0,1.8647
AMAT,509.57,0,0.0,1.1855402043598644,0.0,5691920,2,-0.013848731547878947,14.397000122070313,0.028253232951581636,0.0,0.38618279237409375,0.0,0.35176072666007785,0.2975237882577868,0.4,0.0,1.8488
KLAC,196.72,0,0.0,1.2459923003029267,0.0,8140580,1,-0.003257952432762586,6.6989990234375,0.034053471847642944,0.0,0.41880098445151526,0.0,0.40841812301762787,0.3870517806081015,0.2,0.0,1.8438
VZ,46.35,0,0.0,1.1446003081008418,0.0,19363790,2,0.004420728757306316,0.6539997100830078,0.01411002657202157,0.0,0.36409281552590866,0.0,0.4494966951377884,0.07922021572424742,0.4,0.0,1.842
WPC,63.13,0,0.0,1.0771668569286603,0.0,1760730,3,-0.016391982067198607,1.0696603188410023,0.016943771594219892,0.0,0.3277076872939723,0.0,0.33815512209185766,0.12295970770317094,0.6,0.0,1.8241
CVS,87.8,0,0.0,0.81730029566446,0.0,9554750,3,0.008476758450048263,2.1330001831054686,0.02429385089939088,0.0,0.18749125182416973,0.0,0.47119520092681666,0.2364098354650464,0.6,0.0,1.8
CDNS,348.84,0,0.0,0.6901623053991388,0.0,2264250,3,0.017839300892572834,10.931997680664063,0.03133814297508247,0.0,0.1188912914403723,0.0,0.5212819105366291,0.34514006854116236,0.6,0.0,1.7923
FDX,291.73,0,0.0,0.835990814709402,0.0,1545950,3,0.011399205484111666,5.050994873046875,0.017313936457787296,0.0,0.1975761120878871,0.0,0.4868293897001945,0.1286732856553346,0.6,0.0,1.7897
FCX,71.14,0,0.0,1.0189651589903337,0.0,11646620,2,-0.004394434768035464,2.401000213623047,0.0337503547121539,0.0,0.2963037445030975,0.0,0.4023382936280219,0.38237309942382475,0.4,0.0,1.7873
MRK,142.38,0,0.0,0.9977302728420973,0.0,8423920,3,-0.015910716857348798,3.166001892089844,0.022236281665362057,0.0,0.28484601778047514,0.0,0.3407297422827973,0.20465079140748793,0.6,0.0,1.7831
TFC,46.18,0,0.0,1.1359148829083447,0.0,8265320,2,-0.0059411019316650444,0.8150005340576172,0.017648344059587918,0.0,0.3594064128001905,0.0,0.3940641021289383,0.13383494222713946,0.4,0.0,1.7768
NEE,77.37,0,0.0,0.8231782512973188,0.0,14312210,3,0.011412256621369998,1.3170005798339843,0.01702210847979019,0.0,0.19066282566067874,0.0,0.4868992092525168,0.12416885515688146,0.6,0.0,1.7738
MCHP,75.52,0,0.0,1.2998884915303608,0.0,7793130,2,-0.04322711445010161,2.4889984130859375,0.032958137231517685,0.0,0.4478818010927394,0.0,0.1945954542714458,0.3701450443700325,0.4,0.0,1.7727
BMY,59.58,0,0.0,1.002490387808681,0.0,13038130,3,-0.021798300205020705,1.4166245106355198,0.023776845704914652,0.0,0.2874144373177709,0.0,0.30923299027887324,0.22842974396785448,0.6,0.0,1.7529
STAG,35.88,0,0.0,0.9154491920859058,0.0,1963080,3,-0.004538329926887999,0.6360967677242811,0.017728448962883354,0.0,0.24044954062654625,0.0,0.4015684989830364,0.13507137943222192,0.6,0.0,1.7508
ODFL,181.65,0,0.0,0.835623382513807,0.0,1874050,2,0.023564772715811883,4.562002563476563,0.025114245619387576,0.0,0.19737785636582522,0.0,0.5519114159674648,0.2490728125479349,0.4,0.0,1.7472
MELI,1856.66,0,0.0,0.4698181569592562,0.0,585120,3,0.046113496102735616,49.37801513671875,0.02659507622704607,0.0,0.0,0.0,0.6725401198997589,0.2719297661476544,0.6,0.0,1.7448
ASML,1769.79,0,0.0,1.3803656853561392,0.0,1398470,1,-0.022535151615051725,38.866015625,0.02196080595277181,0.0,0.491304953344293,0.0,0.30529106287759644,0.2003987618046685,0.2,0.0,1.7407
KO,87.77,0,0.0,0.9845032583131141,0.0,16135650,2,0.013592292511445227,1.179999542236328,0.013444224534210972,0.0,0.2777091055893151,0.0,0.4985617277655676,0.06894341147254525,0.4,0.0,1.7377
MAR,361.08,0,0.0,0.7814620447289358,0.0,1274790,3,0.009621392223241916,6.758993530273438,0.01871882624799176,0.0,0.16815397435682133,0.0,0.47731863799099894,0.150358075651807,0.6,0.0,1.7275
DAL,82.14,0,0.0,1.2951507809701657,0.0,7454190,1,-0.019071627593197558,2.3050003051757812,0.028061849553242937,0.0,0.44532547032126,0.0,0.3238198463756867,0.2945697424452808,0.2,0.0,1.7237
ILMN,264.57,0,0.0,0.969706796544213,0.0,3268720,2,-0.02942145729981932,15.312002563476563,0.05787505060886356,0.0,0.2697253653315941,0.0,0.2684514549148313,0.754743208379327,0.4,0.0,1.7195
TGT,154.76,0,0.0,1.0186794409311972,0.0,4108260,2,-0.0045668210617578016,3.759996032714844,0.024295658866469914,0.0,0.2961495793515421,0.0,0.4014160802135154,0.23643774184368388,0.4,0.0,1.7126
C,128.08,0,0.0,0.8989750665109153,0.0,8791790,3,-0.01007851482158063,2.6240020751953126,0.02048721141225881,0.0,0.2315605817917902,0.0,0.3719302213775023,0.1776534985293748,0.6,0.0,1.7098
DE,652.58,0,0.0,1.2041844179588457,0.0,1159540,2,-0.0340583289451962,18.298744499330223,0.028040614208404344,0.0,0.39624266756645815,0.0,0.24364562412413635,0.2942419701199794,0.4,0.0,1.7051
GD,329.9,0,0.0,1.0534478061320722,0.0,1431490,2,-0.005558512924136191,5.536993408203125,0.01678385423050513,0.0,0.31490957760550226,0.0,0.3961108351224217,0.12049134721459523,0.4,0.0,1.6842
LCID,3.82,0,0.0,1.3178271398248078,0.0,9365720,1,-0.0560909653994028,0.21299998760223388,0.05575916003260717,0.0,0.4575609737756633,0.0,0.12577782584232194,0.7220839612828289,0.2,0.0,1.6648
ED,105.99,0,0.0,0.8386237410127982,0.0,2567540,2,0.021600189707918858,1.6470008850097657,0.015539210474621196,0.0,0.19899676251447884,0.0,0.5414015038122173,0.1012799908114458,0.4,0.0,1.6607
BIDU,83.92,0,0.0,1.1590008179701756,0.0,2225020,2,-0.02537601914507078,1.570000457763672,0.018708299475924586,0.0,0.37186291165910385,0.0,0.29009329924773763,0.15019559255654286,0.4,0.0,1.654
CSX,47.34,0,0.0,0.7613241653080031,0.0,9169550,3,0.007169760984052437,0.66300048828125,0.014005079977698445,0.0,0.15728816054612052,0.0,0.46420316826667507,0.07760034142904684,0.6,0.0,1.6497
JPM,331.42,0,0.0,1.0097823921951317,0.0,7982710,2,-0.002962293236917265,5.117624187250977,0.015441506185222779,0.0,0.2913489907190404,0.0,0.4099998083746431,0.0997719031221966,0.4,0.0,1.6476
OPEN,2.29,0,0.0,0.9662184974349577,0.0,29796780,2,-0.034569990679361284,0.12039999961853028,0.05257641992321464,0.0,0.2678431806265947,0.0,0.24090839191879218,0.6729576516130277,0.4,0.0,1.6335
NOC,484.48,0,0.0,0.9882568940757304,0.0,1100220,2,-0.007532379302222956,9.51300048828125,0.019635486031537645,0.0,0.2797344582323238,0.0,0.3855512598046359,0.16450692564915195,0.4,0.0,1.62
SOFI,15.61,0,0.0,1.1708126825479186,0.0,42458030,1,-0.016383139153545317,0.42840023040771485,0.027443961552200597,0.0,0.3782362501112924,0.0,0.3382024289479788,0.2850325021312251,0.2,0.0,1.6063
MMM,163.58,0,0.0,0.7856476193364265,0.0,2967870,3,-0.00807100938983976,3.3869979858398436,0.020705452671029634,0.0,0.17041238863297972,0.0,0.3826697552399104,0.18102210146037223,0.6,0.0,1.6053
SHW,321.03,0,0.0,0.9303888442942747,0.0,1607070,2,-0.006572724055957821,7.96400146484375,0.024807655032634122,0.0,0.24851054227918415,0.0,0.39068511889689483,0.2443405178619038,0.4,0.0,1.6052
COIN,172.0,0,0.0,1.4215638903599135,0.0,7761030,1,-0.07528373137594335,9.193002319335937,0.053447687903115916,0.0,0.5135343060754834,0.0,0.02310245726830648,0.6864058689084642,0.2,0.0,1.6049
JBLU,3.92,0,0.0,1.56947404649157,0.0,19292960,0,-0.05336874594782708,0.1380000591278076,0.035204096031109244,0.0,0.59334232278094,0.0,0.1403408589075681,0.4048119237576207,0.0,0.0,1.5996
ALL,230.63,0,0.0,0.7483062938377288,0.0,2341020,2,0.02313965336175022,4.024000549316407,0.017447862221401236,0.0,0.1502640958642851,0.0,0.5496371587593282,0.1307404599485315,0.4,0.0,1.5904
MS,187.44,0,0.0,1.037356749516297,0.0,5643960,2,-0.017337088806365104,3.5569976806640624,0.01897672660229494,0.0,0.30622731163549566,0.0,0.33309909301797025,0.15433882564520424,0.4,0.0,1.5893
HOOD,107.01,0,0.0,1.1119997522510012,0.0,20343170,2,-0.053929789065555324,4.869999694824219,0.04550976168213138,0.0,0.34650250412392913,0.0,0.13733945155601315,0.5638821917419515,0.4,0.0,1.581
BKNG,159.97,0,0.0,1.0241885575087235,0.0,7594500,1,-0.002786478968573317,4.867999267578125,0.03043070094662295,0.0,0.2991221383654084,0.0,0.41094036039433907,0.3311334966674684,0.2,0.0,1.5802
BA,187.75,0,0.0,1.0948807975182664,0.0,10370170,1,-0.01217485398081434,5.662998962402344,0.030162444540092377,0.0,0.3372656142373824,0.0,0.3607154545172407,0.32699289867794407,0.2,0.0,1.5791
RTX,184.32,0,0.0,1.1390477277680342,0.0,3854360,1,-0.004504307162755274,2.916001892089844,0.01582032213660126,0.0,0.3610968047342991,0.0,0.40175051026017616,0.1056190125611233,0.2,0.0,1.5776
GILD,147.1,0,0.0,0.8984390634380628,0.0,4997000,2,-0.005086139109890437,3.1300018310546873,0.021278053713009885,0.0,0.23127137012904062,0.0,0.3986378890937815,0.18986032737223965,0.4,0.0,1.5554
PCAR,109.66,0,0.0,1.0599194784630157,0.0,3561780,1,-0.002537744003617122,2.299002838134766,0.02096482547290974,0.0,0.3184015036977203,0.0,0.41227101561283847,0.18502557901340375,0.2,0.0,1.5477
REGN,739.57,0,0.0,0.6660187970925744,0.0,751180,3,-0.009410697092258506,21.491986083984376,0.029060110430576918,0.0,0.10586415682938917,0.0,0.37550283991420635,0.3099781236845887,0.6,0.0,1.53
LRCX,320.59,0,0.0,1.148938833003641,0.0,7830530,1,-0.02834732954010142,10.59200439453125,0.03303909827357073,0.0,0.3664337573312262,0.0,0.2741977065889996,0.3713946962694604,0.2,0.0,1.5299
BLK,1065.35,0,0.0,0.8752376188094046,0.0,499750,2,-0.0032866933374425243,20.2449951171875,0.019003140358690905,0.0,0.21875254566869395,0.0,0.40826436805678634,0.15474652791797908,0.4,0.0,1.5273
META,720.89,0,0.0,0.894079904202533,0.0,17904440,2,-0.013592854624744527,19.437005615234376,0.026962511923144594,0.0,0.22891929463815114,0.0,0.35312958914839904,0.2776012187859033,0.4,0.0,1.5263
HON,206.6,0,0.0,0.9970187713952526,0.0,2126640,2,-0.023006153650595905,3.584001159667969,0.017347536562376614,0.0,0.2844621123013599,0.0,0.3027713474984936,0.12919191082932266,0.4,0.0,1.4877
BIIB,218.43,0,0.0,1.1032834837061756,0.0,1213650,1,-0.024430588712905477,5.659004211425781,0.025907633572215157,0.0,0.34179945922270205,0.0,0.29515105997916713,0.2613189341033441,0.2,0.0,1.457
AAL,12.8,0,0.0,1.0963377272596682,0.0,61260320,1,-0.029714964877791367,0.3919999122619629,0.0306249926891179,0.0,0.33805173113551457,0.0,0.26688128004871864,0.33413243342637133,0.2,0.0,1.4435
PNC,219.68,0,0.0,0.8261740071177165,0.0,2042790,2,-0.0072486282146199295,3.7819976806640625,0.017215940489609324,0.0,0.1922792483378812,0.0,0.3870692404614381,0.12716069583849846,0.4,0.0,1.4287
WEC,103.61,0,0.0,0.6699889457405094,0.0,2777210,2,0.014928594992508697,1.6480010986328124,0.01590581110823932,0.0,0.10800633352573118,0.0,0.5057105332028491,0.10693855407242997,0.4,0.0,1.428
JNJ,256.48,0,0.0,0.885306561491574,0.0,6972500,2,-0.01837482162767139,4.652003479003906,0.01813787928780105,0.0,0.22418545417748886,0.0,0.3275475430204758,0.14139102861462188,0.4,0.0,1.4104
RIVN,14.33,0,0.0,0.9508356755717088,0.0,27555550,1,-0.025236391508415473,0.5572997093200683,0.03889041955946768,0.0,0.25954305752249585,0.0,0.29084026396737345,0.4617111567998611,0.2,0.0,1.3862
GS,882.59,0,0.0,0.888360876657919,0.0,1973860,2,-0.022385887363108446,16.466998291015624,0.018657584824162337,0.0,0.2258334737739418,0.0,0.30608958051189333,0.14941280049635675,0.4,0.0,1.3855
NTES,119.6,0,0.0,0.7507112484321943,0.0,653780,2,7.524067766475014e-05,1.4900016784667969,0.012458208172880552,0.0,0.15156173938972442,0.0,0.4262496764039305,0.05372402709263299,0.4,0.0,1.3694
QCOM,176.01,0,0.0,0.8610983699183292,0.0,11096990,2,-0.04316391722278919,6.561997985839843,0.037281962335297875,0.0,0.21112341835780712,0.0,0.19493353991345747,0.4368842576597121,0.4,0.0,1.3331
ROST,225.2,0,0.0,1.0104352126607319,0.0,2022000,1,-0.022976540703870788,4.742001342773437,0.021056844613826942,0.0,0.29170123364803785,0.0,0.3029297676148688,0.18644591515674988,0.2,0.0,1.331
INTC,107.08,0,0.0,1.222587601083676,0.0,97855810,1,-0.07960219706047607,5.173001098632812,0.04830968444317462,0.0,0.40617248972791076,0.0,0.0,0.6070996295103116,0.2,0.0,1.3159
AMGN,407.44,0,0.0,0.8565408442587523,0.0,2776400,1,-0.009697881466813574,10.073001098632812,0.024722661099240997,0.0,0.20866431011610329,0.0,0.3739664922328882,0.24302861737728582,0.2,0.0,1.2998
CRM,227.8,0,0.0,0.7165261361305805,0.0,8630390,1,-0.007273307964857221,7.474002075195313,0.032809490671943345,0.0,0.13311644743007925,0.0,0.3869372114222144,0.3678506512791705,0.2,0.0,1.2306
TCOM,37.96,0,0.0,0.7209070238793378,0.0,2915910,1,-0.01917215095524645,0.535000228881836,0.01409378929886948,0.0,0.13548024699450095,0.0,0.3232820774443464,0.07896958975993802,0.2,0.0,0.9954
